MetaSources,ActivityProducedBy,IPCC/UNFCCC Category,US GHGI Table Name,Activity Category,Activity Subcategory,Activity Type,IPCC Category Code
EPA_GHGI_T_2_1.carbonate_use,,Industrial Processes and Product Use,Table 2-1:  Recent Trends in U.S. Greenhouse Gas Emissions and Sinks (MMT CO2 Eq.),Process & Fugitive Gases,Industrial Production Processes,Carbonate Use,2A4
EPA_GHGI_T_2_1.direct,Abandoned Oil and Gas Wells,Industrial Processes and Product Use,Table 2-1:  Recent Trends in U.S. Greenhouse Gas Emissions and Sinks (MMT CO2 Eq.),Process & Fugitive Gases,Fossil Fuel Production & Distribution,Oil and Gas,1B2avii;1B2bviii
EPA_GHGI_T_2_1.direct,Abandoned Underground Coal Mines,Industrial Processes and Product Use,Table 2-1:  Recent Trends in U.S. Greenhouse Gas Emissions and Sinks (MMT CO2 Eq.),Process & Fugitive Gases,Fossil Fuel Production & Distribution,Coal Production & Distribution,1B1ai3
EPA_GHGI_T_2_1.direct,Adipic Acid Production,Industrial Processes and Product Use,Table 2-1:  Recent Trends in U.S. Greenhouse Gas Emissions and Sinks (MMT CO2 Eq.),Process & Fugitive Gases,Industrial Production Processes,Chemicals Production,2B3
EPA_GHGI_T_2_1.direct,Aluminum Production,Industrial Processes and Product Use,Table 2-1:  Recent Trends in U.S. Greenhouse Gas Emissions and Sinks (MMT CO2 Eq.),Process & Fugitive Gases,Industrial Production Processes,Metals Production Processes,2C3
EPA_GHGI_T_2_1.direct,Ammonia Production,Industrial Processes and Product Use,Table 2-1:  Recent Trends in U.S. Greenhouse Gas Emissions and Sinks (MMT CO2 Eq.),Process & Fugitive Gases,Industrial Production Processes,Chemicals Production,2B1
EPA_GHGI_T_2_1.direct,"Caprolactam, Glyoxal, and Glyoxylic Acid Production",Industrial Processes and Product Use,Table 2-1:  Recent Trends in U.S. Greenhouse Gas Emissions and Sinks (MMT CO2 Eq.),Process & Fugitive Gases,Industrial Production Processes,Chemicals Production,2B4
EPA_GHGI_T_2_1.direct,Carbide Production and Consumption,Industrial Processes and Product Use,Table 2-1:  Recent Trends in U.S. Greenhouse Gas Emissions and Sinks (MMT CO2 Eq.),Process & Fugitive Gases,Industrial Production Processes,Ceramics Production and Consumption,2B5
EPA_GHGI_T_2_1.direct,Cement Production,Industrial Processes and Product Use,Table 2-1:  Recent Trends in U.S. Greenhouse Gas Emissions and Sinks (MMT CO2 Eq.),Process & Fugitive Gases,Industrial Production Processes,Cement Production,2A1
EPA_GHGI_T_2_1.direct,Coal Mining,Industrial Processes and Product Use,Table 2-1:  Recent Trends in U.S. Greenhouse Gas Emissions and Sinks (MMT CO2 Eq.),Process & Fugitive Gases,Fossil Fuel Production & Distribution,Coal Production & Distribution,1B1a
EPA_GHGI_T_2_1.direct,Composting,Waste,Table 2-1:  Recent Trends in U.S. Greenhouse Gas Emissions and Sinks (MMT CO2 Eq.),Process & Fugitive Gases,Waste,Composting,4B
EPA_GHGI_T_2_1.direct,Ferroalloy Production,Industrial Processes and Product Use,Table 2-1:  Recent Trends in U.S. Greenhouse Gas Emissions and Sinks (MMT CO2 Eq.),Process & Fugitive Gases,Industrial Production Processes,Metals Production Processes,2C2
EPA_GHGI_T_2_1.direct,Glass Production,Industrial Processes and Product Use,Table 2-1:  Recent Trends in U.S. Greenhouse Gas Emissions and Sinks (MMT CO2 Eq.),Process & Fugitive Gases,Industrial Production Processes,Glass Production,2A3
EPA_GHGI_T_2_1.direct,Incineration of Waste,Energy,Table 2-1:  Recent Trends in U.S. Greenhouse Gas Emissions and Sinks (MMT CO2 Eq.),Electric Power Generation,Waste,Incineration of Waste,4C1
EPA_GHGI_T_2_1.direct,Iron and Steel Production & Metallurgical Coke Production,Industrial Processes and Product Use,Table 2-1:  Recent Trends in U.S. Greenhouse Gas Emissions and Sinks (MMT CO2 Eq.),Process & Fugitive Gases,Industrial Production Processes,Metals Production Processes,2C1
EPA_GHGI_T_2_1.direct,Landfills,Waste,Table 2-1:  Recent Trends in U.S. Greenhouse Gas Emissions and Sinks (MMT CO2 Eq.),Process & Fugitive Gases,Waste,Landfills,4A
EPA_GHGI_T_2_1.direct,Lime Production,Industrial Processes and Product Use,Table 2-1:  Recent Trends in U.S. Greenhouse Gas Emissions and Sinks (MMT CO2 Eq.),Process & Fugitive Gases,Industrial Production Processes,Chemicals Production,2A2
EPA_GHGI_T_2_1.direct,Nitric Acid Production,Industrial Processes and Product Use,Table 2-1:  Recent Trends in U.S. Greenhouse Gas Emissions and Sinks (MMT CO2 Eq.),Process & Fugitive Gases,Industrial Production Processes,Chemicals Production,2B2
EPA_GHGI_T_2_1.direct,Phosphoric Acid Production,Industrial Processes and Product Use,Table 2-1:  Recent Trends in U.S. Greenhouse Gas Emissions and Sinks (MMT CO2 Eq.),Process & Fugitive Gases,Industrial Production Processes,Chemicals Production,2B11
EPA_GHGI_T_2_1.direct,Rice Cultivation,Agriculture,Table 2-1:  Recent Trends in U.S. Greenhouse Gas Emissions and Sinks (MMT CO2 Eq.),Process & Fugitive Gases,Agricultural Processes,Rice Cultivation,3C7
EPA_GHGI_T_2_1.direct,Soda Ash Production,Industrial Processes and Product Use,Table 2-1:  Recent Trends in U.S. Greenhouse Gas Emissions and Sinks (MMT CO2 Eq.),Process & Fugitive Gases,Industrial Production Processes,Chemicals Production,2B7
EPA_GHGI_T_2_1.direct,Titanium Dioxide Production,Industrial Processes and Product Use,Table 2-1:  Recent Trends in U.S. Greenhouse Gas Emissions and Sinks (MMT CO2 Eq.),Process & Fugitive Gases,Industrial Production Processes,Metals Production Processes,2B6
EPA_GHGI_T_2_1.direct,Wastewater Treatment,Waste,Table 2-1:  Recent Trends in U.S. Greenhouse Gas Emissions and Sinks (MMT CO2 Eq.),Process & Fugitive Gases,Waste,Wastewater Treatment,4D
EPA_GHGI_T_2_1.direct,Zinc Production,Industrial Processes and Product Use,Table 2-1:  Recent Trends in U.S. Greenhouse Gas Emissions and Sinks (MMT CO2 Eq.),Process & Fugitive Gases,Industrial Production Processes,Metals Production Processes,2C6
EPA_GHGI_T_2_1.electric_power,,Energy,Table 2-1:  Recent Trends in U.S. Greenhouse Gas Emissions and Sinks (MMT CO2 Eq.),Electric Power Generation,Electric Power Generation,Electric Power Generation,1A1a
EPA_GHGI_T_2_1.electricity_transmission,Electrical Equipment,Industrial Processes and Product Use,Table 2-1:  Recent Trends in U.S. Greenhouse Gas Emissions and Sinks (MMT CO2 Eq.),Process & Fugitive Gases,Electric Power,Electricity Transmission,2G1b
EPA_GHGI_T_2_1.lead,Lead Production,Industrial Processes and Product Use,Table 2-1:  Recent Trends in U.S. Greenhouse Gas Emissions and Sinks (MMT CO2 Eq.),Process & Fugitive Gases,Industrial Production Processes,Metals Production Processes,2C5
EPA_GHGI_T_2_1.liming,,Agriculture,Table 2-1:  Recent Trends in U.S. Greenhouse Gas Emissions and Sinks (MMT CO2 Eq.),Process & Fugitive Gases,Agricultural Processes,Liming,3C2
EPA_GHGI_T_2_1.nitrous_oxide_use,,Industrial Processes and Product Use,Table 2-1:  Recent Trends in U.S. Greenhouse Gas Emissions and Sinks (MMT CO2 Eq.),Process & Fugitive Gases,Industrial Production Processes,Nitrous Oxide Use,2G3
EPA_GHGI_T_2_1.urea,,Industrial Processes and Product Use,Table 2-1:  Recent Trends in U.S. Greenhouse Gas Emissions and Sinks (MMT CO2 Eq.),Process & Fugitive Gases,Industrial Production Processes,Urea Consumption,2G4
EPA_GHGI_T_2_1.urea_fertilizer,,Agriculture,Table 2-1:  Recent Trends in U.S. Greenhouse Gas Emissions and Sinks (MMT CO2 Eq.),Process & Fugitive Gases,Agricultural Processes,Urea Consumption,3C3
EPA_GHGI_T_3_13.direct_ng,Buses,Energy,Table 3-13:  CO2 Emissions from Fossil Fuel Combustion in Transportation End-Use Sector,Fuel Combustion,Mobile Combustion,Buses,1A3b
EPA_GHGI_T_3_13.direct_ng,Pipeline Natural Gas,Energy,Table 3-13:  CO2 Emissions from Fossil Fuel Combustion in Transportation End-Use Sector,Fuel Combustion,Stationary Combustion,Pipelines,1A3ei
EPA_GHGI_T_3_13.direct_petroleum,Buses,Energy,Table 3-13:  CO2 Emissions from Fossil Fuel Combustion in Transportation End-Use Sector,Fuel Combustion,Mobile Combustion,Buses,1A3b
EPA_GHGI_T_3_13.direct_petroleum,Commercial Aircraft,Energy,Table 3-13:  CO2 Emissions from Fossil Fuel Combustion in Transportation End-Use Sector,Fuel Combustion,Mobile Combustion,Commercial Aircraft,1A3aii
EPA_GHGI_T_3_13.direct_petroleum,General Aviation Aircraft,Energy,Table 3-13:  CO2 Emissions from Fossil Fuel Combustion in Transportation End-Use Sector,Fuel Combustion,Mobile Combustion,General Aviation Aircraft,1A3aii
EPA_GHGI_T_3_13.direct_petroleum,Medium- and Heavy-Duty Trucks,Energy,Table 3-13:  CO2 Emissions from Fossil Fuel Combustion in Transportation End-Use Sector,Fuel Combustion,Mobile Combustion,Medium- and Heavy-Duty Trucks,1A3biii
EPA_GHGI_T_3_13.direct_petroleum,Light-Duty Trucks - Households,Energy,Table 3-13:  CO2 Emissions from Fossil Fuel Combustion in Transportation End-Use Sector,Fuel Combustion,Mobile Combustion,Light-Duty Trucks - Households,1A3bii
EPA_GHGI_T_3_13.direct_petroleum,Military Aircraft,Energy,Table 3-13:  CO2 Emissions from Fossil Fuel Combustion in Transportation End-Use Sector,Fuel Combustion,Mobile Combustion,Military Aircraft,1A5b
EPA_GHGI_T_3_13.direct_petroleum,Motorcycles,Energy,Table 3-13:  CO2 Emissions from Fossil Fuel Combustion in Transportation End-Use Sector,Fuel Combustion,Mobile Combustion,Motorcycles,1A3biv
EPA_GHGI_T_3_13.direct_petroleum,Rail,Energy,Table 3-13:  CO2 Emissions from Fossil Fuel Combustion in Transportation End-Use Sector,Fuel Combustion,Mobile Combustion,Rail,1A3c
EPA_GHGI_T_3_13.direct_petroleum,Recreational Boats,Energy,Table 3-13:  CO2 Emissions from Fossil Fuel Combustion in Transportation End-Use Sector,Fuel Combustion,Mobile Combustion,Recreational Boats,1A3dii
EPA_GHGI_T_3_13.direct_petroleum,Ships and Non-Recreational Boats,Energy,Table 3-13:  CO2 Emissions from Fossil Fuel Combustion in Transportation End-Use Sector,Fuel Combustion,Mobile Combustion,Ships and Non-Recreational Boats,1A3dii
EPA_GHGI_T_3_13.petroleum_fuels,,Energy,Table 3-13:  CO2 Emissions from Fossil Fuel Combustion in Transportation End-Use Sector,Fuel Combustion,Mobile Combustion,Petroleum Fuels,1A3b
EPA_GHGI_T_3_14.construction_and_mining,,Energy,Table 3-14:  CH4 Emissions from Mobile Combustion (MMT CO2 Eq.),Fuel Combustion,Mobile Combustion,Construction And Mining,1A3eii
EPA_GHGI_T_3_14.direct_non_road,Rail,Energy,Table 3-14:  CH4 Emissions from Mobile Combustion (MMT CO2 Eq.),Fuel Combustion,Mobile Combustion,Rail,1A3c
EPA_GHGI_T_3_14.direct_non_road,Ships and Boats,Energy,Table 3-14:  CH4 Emissions from Mobile Combustion (MMT CO2 Eq.),Fuel Combustion,Mobile Combustion,Ships and Boats,1A3dii
EPA_GHGI_T_3_14.farm_non_road,,Energy,Table 3-14:  CH4 Emissions from Mobile Combustion (MMT CO2 Eq.),Fuel Combustion,Mobile Combustion,Other Non-Road Vehicles,1A3eii
EPA_GHGI_T_3_14.other_non_road,,Energy,Table 3-14:  CH4 Emissions from Mobile Combustion (MMT CO2 Eq.),Fuel Combustion,Mobile Combustion,Other Non-Road Vehicles,1A3eii
EPA_GHGI_T_3_14.petroleum_fuels_diesel,,Energy,Table 3-14:  CH4 Emissions from Mobile Combustion (MMT CO2 Eq.),Fuel Combustion,Mobile Combustion,Petroleum Fuels,1A3b
EPA_GHGI_T_3_14.petroleum_fuels_gasoline,,Energy,Table 3-14:  CH4 Emissions from Mobile Combustion (MMT CO2 Eq.),Fuel Combustion,Mobile Combustion,Petroleum Fuels,1A3b
EPA_GHGI_T_3_15.alt_fuel_on_road,,Energy,Table 3-15:  N2O Emissions from Mobile Combustion (MMT CO2 Eq.),Fuel Combustion,Mobile Combustion,Alternative Fuel On Road,1A3b
EPA_GHGI_T_3_15.construction_and_mining,,Energy,Table 3-15:  N2O Emissions from Mobile Combustion (MMT CO2 Eq.),Fuel Combustion,Mobile Combustion,Construction And Mining,1A3eii
EPA_GHGI_T_3_15.direct_gasoline,Motorcycles,Energy,Table 3-15:  N2O Emissions from Mobile Combustion (MMT CO2 Eq.),Fuel Combustion,Mobile Combustion,Motorcycles,1A3biv
EPA_GHGI_T_3_15.direct_gasoline,Medium- and Heavy-Duty Trucks and Buses,Energy,Table 3-15:  N2O Emissions from Mobile Combustion (MMT CO2 Eq.),Fuel Combustion,Mobile Combustion,Medium- and Heavy-Duty Trucks and Buses,1A3biii
EPA_GHGI_T_3_15.direct_non_road,General Aviation Aircraft,Energy,Table 3-15:  N2O Emissions from Mobile Combustion (MMT CO2 Eq.),Fuel Combustion,Mobile Combustion,Aircraft,1A3aii
EPA_GHGI_T_3_15.direct_non_road,Ships and Boats,Energy,Table 3-15:  N2O Emissions from Mobile Combustion (MMT CO2 Eq.),Fuel Combustion,Mobile Combustion,Ships and Boats,1A3dii
EPA_GHGI_T_3_15.direct_non_road,Rail,Energy,Table 3-15:  N2O Emissions from Mobile Combustion (MMT CO2 Eq.),Fuel Combustion,Mobile Combustion,Rail,1A3c
EPA_GHGI_T_3_15.farm_non_road,,Energy,Table 3-15:  N2O Emissions from Mobile Combustion (MMT CO2 Eq.),Fuel Combustion,Mobile Combustion,Other Non-Road Vehicles,1A3eii
EPA_GHGI_T_3_15.other_non_road,,Energy,Table 3-15:  N2O Emissions from Mobile Combustion (MMT CO2 Eq.),Fuel Combustion,Mobile Combustion,Other Non-Road Vehicles,1A3eii
EPA_GHGI_T_3_15.petroleum_fuels_diesel,,Energy,Table 3-15:  N2O Emissions from Mobile Combustion (MMT CO2 Eq.),Fuel Combustion,Mobile Combustion,Petroleum Fuels,1A3b
EPA_GHGI_T_3_15.petroleum_fuels_gasoline,,Energy,Table 3-15:  N2O Emissions from Mobile Combustion (MMT CO2 Eq.),Fuel Combustion,Mobile Combustion,Petroleum Fuels,1A3b
EPA_GHGI_T_3_25.coal,Industry Industrial Coking Coal,Energy,"Table 3-25: 2023 Adjusted Non-Energy Use Fossil Fuel Consumption, Storage, and Emissions",Process & Fugitive Gases,Non-Energy Uses of Fossil Fuels,Coal,2D4
EPA_GHGI_T_3_25.coal,Industry Industrial Other Coal,Energy,"Table 3-25: 2023 Adjusted Non-Energy Use Fossil Fuel Consumption, Storage, and Emissions",Process & Fugitive Gases,Non-Energy Uses of Fossil Fuels,Coal,2D4
EPA_GHGI_T_3_25.natural_gas_neu,,Energy,"Table 3-25: 2023 Adjusted Non-Energy Use Fossil Fuel Consumption, Storage, and Emissions",Process & Fugitive Gases,Non-Energy Uses of Fossil Fuels,Consumed Natural Gas,2D4
EPA_GHGI_T_3_25.petroleum_neu,,Energy,"Table 3-25: 2023 Adjusted Non-Energy Use Fossil Fuel Consumption, Storage, and Emissions",Process & Fugitive Gases,Non-Energy Uses of Fossil Fuels,Consumed Petroleum Products,2D4
EPA_GHGI_T_3_25.transportation_lubricants,,Energy,"Table 3-25: 2023 Adjusted Non-Energy Use Fossil Fuel Consumption, Storage, and Emissions",Process & Fugitive Gases,Non-Energy Uses of Fossil Fuels,Transportation Lubricants,2D1
EPA_GHGI_T_3_45,Crude Oil Transportation,Energy,Table 3-45:  CH4 Emissions from Petroleum Systems (MMT CO2 Eq.),Process & Fugitive Gases,Fossil Fuels Production & Distribution,Petroleum Systems,1B2aiii
EPA_GHGI_T_3_45,Exploration,Energy,Table 3-45:  CH4 Emissions from Petroleum Systems (MMT CO2 Eq.),Process & Fugitive Gases,Fossil Fuels Production & Distribution,Petroleum Systems,1B2ai
EPA_GHGI_T_3_45,Production,Energy,Table 3-45:  CH4 Emissions from Petroleum Systems (MMT CO2 Eq.),Process & Fugitive Gases,Fossil Fuels Production & Distribution,Petroleum Systems,1B2aii
EPA_GHGI_T_3_45,Refining,Energy,Table 3-45:  CH4 Emissions from Petroleum Systems (MMT CO2 Eq.),Process & Fugitive Gases,Fossil Fuels Production & Distribution,Petroleum Systems,1B2aiv
EPA_GHGI_T_3_47,Crude Refining,Energy,Table 3-47:  CO2 Emissions from Petroleum Systems (MMT CO2),Process & Fugitive Gases,Fossil Fuels Production & Distribution,Petroleum Systems,1B2aiii
EPA_GHGI_T_3_47,Exploration,Energy,Table 3-47:  CO2 Emissions from Petroleum Systems (MMT CO2),Process & Fugitive Gases,Fossil Fuels Production & Distribution,Petroleum Systems,1B2ai
EPA_GHGI_T_3_47,Production,Energy,Table 3-47:  CO2 Emissions from Petroleum Systems (MMT CO2),Process & Fugitive Gases,Fossil Fuels Production & Distribution,Petroleum Systems,1B2aii
EPA_GHGI_T_3_49,Crude Refining,Energy,Table 3-49:  N2O Emissions from Petroleum Systems (Metric Tons CO2 Eq.),Process & Fugitive Gases,Fossil Fuels Production & Distribution,Petroleum Systems,1B2aiii
EPA_GHGI_T_3_49,Exploration,Energy,Table 3-49:  N2O Emissions from Petroleum Systems (Metric Tons CO2 Eq.),Process & Fugitive Gases,Fossil Fuels Production & Distribution,Petroleum Systems,1B2ai
EPA_GHGI_T_3_49,Production,Energy,Table 3-49:  N2O Emissions from Petroleum Systems (Metric Tons CO2 Eq.),Process & Fugitive Gases,Fossil Fuels Production & Distribution,Petroleum Systems,1B2aii
EPA_GHGI_T_3_64,Distribution,Energy,Table 3-64:  CH4 Emissions from Natural Gas Systems (MMT CO2 Eq.),Process & Fugitive Gases,Fossil Fuels Production & Distribution,Natural Gas Systems,1B2bv
EPA_GHGI_T_3_64,Exploration,Energy,Table 3-64:  CH4 Emissions from Natural Gas Systems (MMT CO2 Eq.),Process & Fugitive Gases,Fossil Fuels Production & Distribution,Natural Gas Systems,1B2bi
EPA_GHGI_T_3_64,Post-Meter,Energy,Table 3-64:  CH4 Emissions from Natural Gas Systems (MMT CO2 Eq.),Process & Fugitive Gases,Fossil Fuels Production & Distribution,Natural Gas Systems,1B2bvi
EPA_GHGI_T_3_64,Processing,Energy,Table 3-64:  CH4 Emissions from Natural Gas Systems (MMT CO2 Eq.),Process & Fugitive Gases,Fossil Fuels Production & Distribution,Natural Gas Systems,1B2biii
EPA_GHGI_T_3_64,Production,Energy,Table 3-64:  CH4 Emissions from Natural Gas Systems (MMT CO2 Eq.),Process & Fugitive Gases,Fossil Fuels Production & Distribution,Natural Gas Systems,1B2bii
EPA_GHGI_T_3_64,Transmission and Storage,Energy,Table 3-64:  CH4 Emissions from Natural Gas Systems (MMT CO2 Eq.),Process & Fugitive Gases,Fossil Fuels Production & Distribution,Natural Gas Systems,1B2biv
EPA_GHGI_T_3_66,Processing,Energy,Table 3-66:  CO2 Emissions from Natural Gas Systems (MMT),Process & Fugitive Gases,Fossil Fuels Production & Distribution,Natural Gas Systems,1B2biii
EPA_GHGI_T_3_66,Production,Energy,Table 3-66:  CO2 Emissions from Natural Gas Systems (MMT),Process & Fugitive Gases,Fossil Fuels Production & Distribution,Natural Gas Systems,1B2bii
EPA_GHGI_T_3_66,Transmission and Storage,Energy,Table 3-66:  CO2 Emissions from Natural Gas Systems (MMT),Process & Fugitive Gases,Fossil Fuels Production & Distribution,Natural Gas Systems,1B2biv
EPA_GHGI_T_3_68,Exploration,Energy,Table 3-68: N2O Emissions from Natural Gas Systems (Metric Tons CO2 Eq.),Process & Fugitive Gases,Fossil Fuels Production & Distribution,Natural Gas Systems,1B2bi
EPA_GHGI_T_3_68,Processing,Energy,Table 3-68: N2O Emissions from Natural Gas Systems (Metric Tons CO2 Eq.),Process & Fugitive Gases,Fossil Fuels Production & Distribution,Natural Gas Systems,1B2biii
EPA_GHGI_T_3_68,Production,Energy,Table 3-68: N2O Emissions from Natural Gas Systems (Metric Tons CO2 Eq.),Process & Fugitive Gases,Fossil Fuels Production & Distribution,Natural Gas Systems,1B2bii
EPA_GHGI_T_3_68,Transmission and Storage,Energy,Table 3-68: N2O Emissions from Natural Gas Systems (Metric Tons CO2 Eq.),Process & Fugitive Gases,Fossil Fuels Production & Distribution,Natural Gas Systems,1B2biv
EPA_GHGI_T_3_8.coal_manufacturing,,Energy,Table 3-8:  CH4 Emissions from Stationary Combustion (MMT CO2 Eq.),Fuel Combustion,Stationary Combustion,Coal Combustion for Manufacturing Purposes,1A2
EPA_GHGI_T_3_8.electric_power,,Energy,Table 3-8:  CH4 Emissions from Stationary Combustion (MMT CO2 Eq.),Electric Power Generation,Stationary Combustion,Electric Power Generation,1A1a
EPA_GHGI_T_3_8.fuel_oil,,Energy,Table 3-8:  CH4 Emissions from Stationary Combustion (MMT CO2 Eq.),Fuel Combustion,Stationary Combustion,Fuel Oil Combustion,1A4
EPA_GHGI_T_3_8.natural_gas_nonmanufacturing,,Energy,Table 3-8:  CH4 Emissions from Stationary Combustion (MMT CO2 Eq.),Fuel Combustion,Stationary Combustion,Natural Gas Combustion for Manufacturing Purposes,1A2
EPA_GHGI_T_3_8.ng_manufacturing,,Energy,Table 3-8:  CH4 Emissions from Stationary Combustion (MMT CO2 Eq.),Fuel Combustion,Stationary Combustion,Natural Gas Combustion for Non-Manufacturing Purposes,1A2
EPA_GHGI_T_3_8.residential,Fuel Oil Residential,Energy,Table 3-8:  CH4 Emissions from Stationary Combustion (MMT CO2 Eq.),Fuel Combustion,Stationary Combustion,Residential,1A4b
EPA_GHGI_T_3_8.residential,Natural Gas Residential,Energy,Table 3-8:  CH4 Emissions from Stationary Combustion (MMT CO2 Eq.),Fuel Combustion,Stationary Combustion,Residential,1A4b
EPA_GHGI_T_3_8.residential,Wood Residential,Energy,Table 3-8:  CH4 Emissions from Stationary Combustion (MMT CO2 Eq.),Fuel Combustion,Stationary Combustion,Residential,1A4b
EPA_GHGI_T_3_9.coal_manufacturing,,Energy,Table 3-9:  N2O Emissions from Stationary Combustion (MMT CO2 Eq.),Fuel Combustion,Stationary Combustion,Coal Combustion for Manufacturing Purposes,1A2
EPA_GHGI_T_3_9.electric_power,,Energy,Table 3-9:  N2O Emissions from Stationary Combustion (MMT CO2 Eq.),Electric Power Generation,Electric Power Generation,Electric Power Generation,1A1a
EPA_GHGI_T_3_9.fuel_oil,,Energy,Table 3-9:  N2O Emissions from Stationary Combustion (MMT CO2 Eq.),Fuel Combustion,Stationary Combustion,Fuel Oil,1A4
EPA_GHGI_T_3_9.natural_gas_nonmanufacturing,,Energy,Table 3-9:  N2O Emissions from Stationary Combustion (MMT CO2 Eq.),Fuel Combustion,Stationary Combustion,Natural Gas Non-Manufacturing,1A4a;1A4c
EPA_GHGI_T_3_9.ng_manufacturing,,Energy,Table 3-9:  N2O Emissions from Stationary Combustion (MMT CO2 Eq.),Fuel Combustion,Stationary Combustion,Natural Gas Manufacturing,1A2
EPA_GHGI_T_3_9.residential,Fuel Oil Residential,Energy,Table 3-9:  N2O Emissions from Stationary Combustion (MMT CO2 Eq.),Fuel Combustion,Stationary Combustion,Residential,1A4b
EPA_GHGI_T_3_9.residential,Natural Gas Residential,Energy,Table 3-9:  N2O Emissions from Stationary Combustion (MMT CO2 Eq.),Fuel Combustion,Stationary Combustion,Residential,1A4b
EPA_GHGI_T_3_9.residential,Wood Residential,Energy,Table 3-9:  N2O Emissions from Stationary Combustion (MMT CO2 Eq.),Fuel Combustion,Stationary Combustion,Residential,1A4b
EPA_GHGI_T_4_100,Aluminum Production,Industrial Processes and Product Use,Table 4-100:  PFC Emissions from Aluminum Production (MMT CO2 Eq.),Process & Fugitive Gases,Industrial Production Processes,PFCs from aluminum production,2C3
EPA_GHGI_T_4_106,,Industrial Processes and Product Use,"Table 4-106: SF6, HFC-134a, FK 5-1-12 and CO2 Emissions from Magnesium Production and Processing (MMT CO2 Eq.)",Process & Fugitive Gases,Industrial Production Processes,Magnesium production,2C4
EPA_GHGI_T_4_118,Electronics Industry,Industrial Processes and Product Use,"Table 4-118: PFC, HFC, SF6, NF3, and N2O Emissions from Electronics Industry (MMT CO2 Eq.)",Process & Fugitive Gases,Industrial Production Processes,Electronics Industry,2E
EPA_GHGI_T_4_118,Semiconductors,Industrial Processes and Product Use,"Table 4-118: PFC, HFC, SF6, NF3, and N2O Emissions from Electronics Industry (MMT CO2 Eq.)",Process & Fugitive Gases,Industrial Production Processes,Semiconductors,2E
EPA_GHGI_T_4_124.air_conditioning,,Industrial Processes and Product Use,"Table 4-124:  Emissions of HFCs, PFCs, and CO2 from ODS Substitutes (MMT CO2 Eq.) by Sector",Process & Fugitive Gases,Product Use,Refrigerant Use,2F1a
EPA_GHGI_T_4_124.foams,,Industrial Processes and Product Use,"Table 4-124:  Emissions of HFCs, PFCs, and CO2 from ODS Substitutes (MMT CO2 Eq.) by Sector",Process & Fugitive Gases,Product Use,Foams,2F2
EPA_GHGI_T_4_124.households,Domestic Refrigeration,Industrial Processes and Product Use,"Table 4-124:  Emissions of HFCs, PFCs, and CO2 from ODS Substitutes (MMT CO2 Eq.) by Sector",Process & Fugitive Gases,Product Use,Residential,2F1a
EPA_GHGI_T_4_124.households,Residential Stationary Air Conditioning,Industrial Processes and Product Use,"Table 4-124:  Emissions of HFCs, PFCs, and CO2 from ODS Substitutes (MMT CO2 Eq.) by Sector",Process & Fugitive Gases,Product Use,Residential,2F1a
EPA_GHGI_T_4_124.refrigerants,,Industrial Processes and Product Use,"Table 4-124:  Emissions of HFCs, PFCs, and CO2 from ODS Substitutes (MMT CO2 Eq.) by Sector",Process & Fugitive Gases,Product Use,Refrigerant Use,2F1a
EPA_GHGI_T_4_132,AWACs,Industrial Processes and Product Use,Table 4-132: SF6 and PFC Emissions from Other Product Use (MMT CO2 Eq.),Process & Fugitive Gases,Product Use,SF6 and PFCs from Other Product Use,2G2a
EPA_GHGI_T_4_132,Other Military Applications,Industrial Processes and Product Use,Table 4-132: SF6 and PFC Emissions from Other Product Use (MMT CO2 Eq.),Process & Fugitive Gases,Product Use,SF6 and PFCs from Other Product Use,2G2a
EPA_GHGI_T_4_132,Other Scientific Applications,Industrial Processes and Product Use,Table 4-132: SF6 and PFC Emissions from Other Product Use (MMT CO2 Eq.),Process & Fugitive Gases,Product Use,SF6 and PFCs from Other Product Use,2G2d
EPA_GHGI_T_4_132,Particle Accelerators,Industrial Processes and Product Use,Table 4-132: SF6 and PFC Emissions from Other Product Use (MMT CO2 Eq.),Process & Fugitive Gases,Product Use,SF6 and PFCs from Other Product Use,2G2b
EPA_GHGI_T_4_55,Acrylonitrile,Industrial Processes and Product Use,Table 4-55: CO2 and CH4 Emissions from Petrochemical Production (MMT CO2 Eq.),Process & Fugitive Gases,Industrial Production Processes,Petrochemicals Production,2B8e
EPA_GHGI_T_4_55,Carbon Black,Industrial Processes and Product Use,Table 4-55: CO2 and CH4 Emissions from Petrochemical Production (MMT CO2 Eq.),Process & Fugitive Gases,Industrial Production Processes,Petrochemicals Production,2B8f
EPA_GHGI_T_4_55,Ethylene,Industrial Processes and Product Use,Table 4-55: CO2 and CH4 Emissions from Petrochemical Production (MMT CO2 Eq.),Process & Fugitive Gases,Industrial Production Processes,Petrochemicals Production,2B8b
EPA_GHGI_T_4_55,Ethylene Dichloride,Industrial Processes and Product Use,Table 4-55: CO2 and CH4 Emissions from Petrochemical Production (MMT CO2 Eq.),Process & Fugitive Gases,Industrial Production Processes,Petrochemicals Production,2B8c
EPA_GHGI_T_4_55,Ethylene Oxide,Industrial Processes and Product Use,Table 4-55: CO2 and CH4 Emissions from Petrochemical Production (MMT CO2 Eq.),Process & Fugitive Gases,Industrial Production Processes,Petrochemicals Production,2B8d
EPA_GHGI_T_4_55,Methanol,Industrial Processes and Product Use,Table 4-55: CO2 and CH4 Emissions from Petrochemical Production (MMT CO2 Eq.),Process & Fugitive Gases,Industrial Production Processes,Petrochemicals Production,2B8a
EPA_GHGI_T_4_59,HCFC-22 Production,Industrial Processes and Product Use,Table 4-59: HFC-23 Emissions from HCFC-22 Production (MMT CO2 Eq.),Process & Fugitive Gases,Industrial Production Processes,HCFC-22 Production,2B9a
EPA_GHGI_T_4_63,Fluorochemical Production,Industrial Processes and Product Use,"Table 4-63:  Emissions of HFCs, PFCs, SF6, and NF3 from production of Fluorochemicals Other Than HCFC-22 (MMT CO2 Eq.)",Process & Fugitive Gases,Industrial Production Processes,Production Of Fluorochemicals Other Than HCFC-22,2B9b-g
EPA_GHGI_T_4_64,Fluorochemical Production,Industrial Processes and Product Use,"Table 4-64:  Emissions of HFCs, PFCs, SF6, and NF3 from production of Fluorochemicals Other Than HCFC-22 (Metric Tons)",Process & Fugitive Gases,Industrial Production Processes,Production Of Fluorochemicals Other Than HCFC-22,2B9b-g
EPA_GHGI_T_5_18.cropland,,Agriculture,Table 5-18:  Direct N2O Emissions from Agricultural Soils by Land Use Type and Nitrogen Input Type (MMT CO2 Eq.),Process & Fugitive Gases,Agricultural Processes,Agricultural Soils - Cropland,3C4
EPA_GHGI_T_5_18.fertilizer_use,,Agriculture,Table 5-18:  Direct N2O Emissions from Agricultural Soils by Land Use Type and Nitrogen Input Type (MMT CO2 Eq.),Process & Fugitive Gases,Agricultural Processes,Agricultural Soils - Fertilizer Use,3C4
EPA_GHGI_T_5_18.pasture,,Agriculture,Table 5-18:  Direct N2O Emissions from Agricultural Soils by Land Use Type and Nitrogen Input Type (MMT CO2 Eq.),Process & Fugitive Gases,Agricultural Processes,Agricultural Soils - Pasture,3C4
EPA_GHGI_T_5_19.fertilizer_use,,Agriculture,Table 5-19:  Indirect N2O Emissions from Agricultural Soils (MMT CO2 Eq.),Process & Fugitive Gases,Agricultural Processes,Agricultural Soils - Fertilizer Use,3C5
EPA_GHGI_T_5_19.pasture,,Agriculture,Table 5-19:  Indirect N2O Emissions from Agricultural Soils (MMT CO2 Eq.),Process & Fugitive Gases,Agricultural Processes,Agricultural Soils - Pasture,3C5
EPA_GHGI_T_5_29,Maize,Agriculture,Table 5-29: CH4 and N2O Emissions from Field Burning of Agricultural Residues (MMT CO2 Eq.),Process & Fugitive Gases,Agricultural Processes,Field Burning Of Residues,3C1b
EPA_GHGI_T_5_29,Rice,Agriculture,Table 5-29: CH4 and N2O Emissions from Field Burning of Agricultural Residues (MMT CO2 Eq.),Process & Fugitive Gases,Agricultural Processes,Field Burning Of Residues,3C1b
EPA_GHGI_T_5_29,Wheat,Agriculture,Table 5-29: CH4 and N2O Emissions from Field Burning of Agricultural Residues (MMT CO2 Eq.),Process & Fugitive Gases,Agricultural Processes,Field Burning Of Residues,3C1b
EPA_GHGI_T_5_3,American Bison,Agriculture,Table 5-3:  CH4 Emissions from Enteric Fermentation (MMT CO2 Eq.),Process & Fugitive Gases,Agricultural Processes,Enteric Fermentation,3A1j
EPA_GHGI_T_5_3,Beef Cattle,Agriculture,Table 5-3:  CH4 Emissions from Enteric Fermentation (MMT CO2 Eq.),Process & Fugitive Gases,Agricultural Processes,Enteric Fermentation,3A1aii
EPA_GHGI_T_5_3,Dairy Cattle,Agriculture,Table 5-3:  CH4 Emissions from Enteric Fermentation (MMT CO2 Eq.),Process & Fugitive Gases,Agricultural Processes,Enteric Fermentation,3A1ai
EPA_GHGI_T_5_3,Goats,Agriculture,Table 5-3:  CH4 Emissions from Enteric Fermentation (MMT CO2 Eq.),Process & Fugitive Gases,Agricultural Processes,Enteric Fermentation,3A1d
EPA_GHGI_T_5_3,Horses,Agriculture,Table 5-3:  CH4 Emissions from Enteric Fermentation (MMT CO2 Eq.),Process & Fugitive Gases,Agricultural Processes,Enteric Fermentation,3A1f
EPA_GHGI_T_5_3,Mules and Asses,Agriculture,Table 5-3:  CH4 Emissions from Enteric Fermentation (MMT CO2 Eq.),Process & Fugitive Gases,Agricultural Processes,Enteric Fermentation,3A1g
EPA_GHGI_T_5_3,Sheep,Agriculture,Table 5-3:  CH4 Emissions from Enteric Fermentation (MMT CO2 Eq.),Process & Fugitive Gases,Agricultural Processes,Enteric Fermentation,3A1c
EPA_GHGI_T_5_3,Swine,Agriculture,Table 5-3:  CH4 Emissions from Enteric Fermentation (MMT CO2 Eq.),Process & Fugitive Gases,Agricultural Processes,Enteric Fermentation,3A1h
EPA_GHGI_T_5_7,Beef Cattle,Agriculture,Table 5-7:  CH4 and N2O Emissions from Manure Management (MMT CO2 Eq.),Process & Fugitive Gases,Agricultural Processes,Manure,3A2aii
EPA_GHGI_T_5_7,Dairy Cattle,Agriculture,Table 5-7:  CH4 and N2O Emissions from Manure Management (MMT CO2 Eq.),Process & Fugitive Gases,Agricultural Processes,Manure,3A2ai
EPA_GHGI_T_5_7,Horses,Agriculture,Table 5-7:  CH4 and N2O Emissions from Manure Management (MMT CO2 Eq.),Process & Fugitive Gases,Agricultural Processes,Manure,3A2f
EPA_GHGI_T_5_7,Poultry,Agriculture,Table 5-7:  CH4 and N2O Emissions from Manure Management (MMT CO2 Eq.),Process & Fugitive Gases,Agricultural Processes,Manure,3A2i
EPA_GHGI_T_5_7,Sheep,Agriculture,Table 5-7:  CH4 and N2O Emissions from Manure Management (MMT CO2 Eq.),Process & Fugitive Gases,Agricultural Processes,Manure,3A2c
EPA_GHGI_T_5_7,Swine,Agriculture,Table 5-7:  CH4 and N2O Emissions from Manure Management (MMT CO2 Eq.),Process & Fugitive Gases,Agricultural Processes,Manure,3A2h
EPA_GHGI_T_A_5.coal_manufacturing_co2,,Energy,Table A-5: 2022 Energy Consumption Data and CO2 Emissions from Fossil Fuel Combustion by Fuel Type,Fuel Combustion,Stationary Combustion,Coal Combustion for Manufacturing Purposes,1A2
EPA_GHGI_T_A_5.direct_attribution,Total (All Fuels) Residential,Energy,Table A-5: 2022 Energy Consumption Data and CO2 Emissions from Fossil Fuel Combustion by Fuel Type,Fuel Combustion,Stationary Combustion,Residential,1A4b
EPA_GHGI_T_A_5.natural_gas_manufacturing,,Energy,Table A-5: 2022 Energy Consumption Data and CO2 Emissions from Fossil Fuel Combustion by Fuel Type,Fuel Combustion,Stationary Combustion,Natural Gas Combustion for Manufacturing Purposes,1A2;1A5
EPA_GHGI_T_A_5.non_manufacturing_coal,,Energy,Table A-5: 2022 Energy Consumption Data and CO2 Emissions from Fossil Fuel Combustion by Fuel Type,Fuel Combustion,Stationary Combustion,Coal Combustion for Non-Manufacturing Purposes,1A4a;1A4c
EPA_GHGI_T_A_5.non_manufacturing_natural_gas,,Energy,Table A-5: 2022 Energy Consumption Data and CO2 Emissions from Fossil Fuel Combustion by Fuel Type,Fuel Combustion,Stationary Combustion,Natural Gas Combustion for Non-Manufacturing Purposes,1A4a;1A4c
EPA_GHGI_T_A_5.petroleum,,Energy,Table A-5: 2022 Energy Consumption Data and CO2 Emissions from Fossil Fuel Combustion by Fuel Type,Fuel Combustion,Stationary Combustion,Petroleum Combustion,1A
EPA_GHGI_T_A_90,School and Tour Buses,Industrial Processes and Product Use,Table A-90: HFC Emissions from Transportation Sources (MMT CO2 Eq.),Process & Fugitive Gases,Product Use,Refrigerant Use,2F1b
EPA_GHGI_T_A_90,Heavy-Duty Vehicles,Industrial Processes and Product Use,Table A-90: HFC Emissions from Transportation Sources (MMT CO2 Eq.),Process & Fugitive Gases,Product Use,Refrigerant Use,2F1b
EPA_GHGI_T_A_90,Light-Duty Trucks - Households,Industrial Processes and Product Use,Table A-90: HFC Emissions from Transportation Sources (MMT CO2 Eq.),Process & Fugitive Gases,Product Use,Refrigerant Use,2F1b
EPA_GHGI_T_A_90,Passenger Cars - Households,Industrial Processes and Product Use,Table A-90: HFC Emissions from Transportation Sources (MMT CO2 Eq.),Process & Fugitive Gases,Product Use,Refrigerant Use,2F1b
EPA_GHGI_T_A_90,Medium- and Heavy-Duty Trucks,Industrial Processes and Product Use,Table A-90: HFC Emissions from Transportation Sources (MMT CO2 Eq.),Process & Fugitive Gases,Product Use,Refrigerant Use,2F1b
EPA_GHGI_T_A_90,Rail,Industrial Processes and Product Use,Table A-90: HFC Emissions from Transportation Sources (MMT CO2 Eq.),Process & Fugitive Gases,Product Use,Refrigerant Use,2F1b
EPA_GHGI_T_A_90,Ships and Boats,Industrial Processes and Product Use,Table A-90: HFC Emissions from Transportation Sources (MMT CO2 Eq.),Process & Fugitive Gases,Product Use,Refrigerant Use,2F1b
