"","2023IndustryOutput"
"1111A0/US",40174807960.7761
"1111B0/US",56380894807.5123
"111200/US",18978379246.4124
"111300/US",25502279035.4205
"111400/US",20783462480.4473
"111900/US",21936831995.4314
"112120/US",41077821417.3995
"1121A0/US",101306070094.692
"112300/US",46193356374.808
"112A00/US",33473818324.1748
"113000/US",22841155853.5026
"114000/US",7952663475.58404
"115000/US",25675648075.6878
"211000/US",391294361913.208
"212100/US",32766937147.9375
"212230/US",12579908507.0689
"2122A0/US",14586461916.4941
"212310/US",19719605275.2482
"2123A0/US",19742028373.6076
"213111/US",22389512275.9406
"21311A/US",85274684875.4435
"221100/US",405823514462.502
"221200/US",84121231218.972
"221300/US",15597588832.873
"233210/US",48348311562.8402
"233262/US",92718336451.453
"230301/US",206059204575.574
"230302/US",72659497911.7184
"2332A0/US",166305905561.216
"233412/US",102665581200.631
"2334A0/US",268770729640.59
"233230/US",118403379209.372
"2332D0/US",103374263706.93
"233240/US",116582472438.245
"233411/US",253866242389.81
"2332C0/US",135338387205.871
"321100/US",45946681251.6789
"321200/US",24912097682.9407
"321910/US",27530115153.7243
"3219A0/US",31729201026.1918
"327100/US",7988504971.04996
"327200/US",25803587300.7274
"327310/US",9100945231.81478
"327320/US",31547344844.3437
"327330/US",6129934559.47256
"327390/US",12193365583.3855
"327400/US",8278699959.44947
"327910/US",2960544640.90473
"327991/US",5199116831.93828
"327992/US",4927739697.39979
"327993/US",7950343554.93734
"327999/US",4351692644.09917
"331110/US",94574612703.2263
"331200/US",27058403121.2288
"331313/US",1654729479.56094
"33131B/US",33919380998.7572
"331410/US",8699741134.1008
"331420/US",24227890872.0061
"331490/US",10122126191.9771
"331510/US",15216731240.2773
"331520/US",11275524910.2827
"332114/US",4820275963.32107
"33211A/US",9742903754.04216
"332119/US",11405086050.2764
"332200/US",8459527597.45753
"332310/US",44060082907.5189
"332320/US",40175243910.5992
"332410/US",4029821680.71511
"332420/US",6086527977.41564
"332430/US",17354761601.9602
"332500/US",7517258024.24827
"332600/US",6144090629.15684
"332710/US",37402343555.2706
"332720/US",23984532910.7305
"332800/US",24574949048.8716
"332913/US",4913265060.99105
"33291A/US",22471571708.9572
"332991/US",4666053980.8735
"332996/US",5202592689.38816
"33299A/US",21658847744.8109
"332999/US",15039389059.8687
"333111/US",24730962730.9141
"333112/US",8958011502.63274
"333120/US",31214427810.8594
"333130/US",14061818611.6071
"333242/US",10159024101.5323
"33329A/US",19092682213.9885
"333314/US",6428426672.21672
"333316/US",1127218766.15313
"333318/US",16835751937.1631
"333414/US",4769974955.72501
"333415/US",27065762138.3339
"333413/US",6789949980.32814
"333511/US",5660840205.4417
"333514/US",7644098845.7971
"333517/US",7828060684.79516
"33351B/US",7118796402.63321
"333611/US",9638291847.92803
"333612/US",3525934051.94802
"333613/US",4261188839.31638
"333618/US",27700142437.6036
"333912/US",6353364460.18287
"333914/US",12465853629.0913
"333920/US",29476338283.2185
"333991/US",2131857097.23307
"333993/US",6808472967.39181
"333994/US",2639674813.9643
"33399A/US",20697629069.5759
"33399B/US",9685831421.25227
"334111/US",24633716339.9777
"334112/US",6632649719.92876
"334118/US",7645427511.89534
"334210/US",7706991041.66468
"334220/US",45838341960.6945
"334290/US",4019679412.71059
"334413/US",79692680438.4352
"334418/US",28870530395.5049
"33441A/US",25235254238.2619
"334510/US",39109537141.0271
"334511/US",41922816689.5728
"334512/US",2047896767.08679
"334513/US",11434725203.2491
"334514/US",3982279881.19268
"334515/US",12094038207.4482
"334516/US",15150709480.8617
"334517/US",8418749763.42653
"33451A/US",11857859740.625
"334300/US",4163210381.31013
"334610/US",1358650645.18419
"335110/US",1032019333.07636
"335120/US",11297319397.6408
"335210/US",2411093845.64675
"335220/US",17672803871.4885
"335311/US",5563895353.64131
"335312/US",11133767140.2681
"335313/US",10963828265.8229
"335314/US",8439744651.83741
"335911/US",24008807399.2885
"335912/US",7666295717.25161
"335920/US",9306136612.8646
"335930/US",10567454127.7276
"335991/US",2658708243.05762
"335999/US",12408452181.5144
"336111/US",33639908490.5573
"336112/US",311421024349.828
"336120/US",34748557857.836
"336211/US",14528058847.4185
"336212/US",9401482150.20601
"336213/US",6397787966.43185
"336214/US",19939813693.7323
"336310/US",35451878697.6629
"336320/US",25451728439.1236
"336350/US",44164938575.2131
"336360/US",28862626453.2672
"336370/US",37745979902.6608
"336390/US",54572450268.7362
"3363A0/US",25458454280.5612
"336411/US",107497188138.582
"336412/US",63406028190.7535
"336413/US",36951624837.4756
"336414/US",21245080161.9524
"33641A/US",18609194433.2387
"336500/US",9982436491.13158
"336611/US",27919210190.9311
"336612/US",11489492266.3836
"336991/US",5420680074.59656
"336992/US",5751886148.24353
"336999/US",8248022661.18111
"337110/US",15849151418.1535
"337121/US",9882959136.15713
"337122/US",3204703584.73336
"337127/US",3561088619.57666
"33712N/US",2864087634.29634
"337215/US",6268449685.60524
"33721A/US",13562662674.5116
"337900/US",7921820697.98457
"339112/US",40343158563.9473
"339113/US",33126282391.5472
"339114/US",4711958031.76657
"339115/US",7326591550.49997
"339116/US",5461898530.13077
"339910/US",7425317648.01725
"339920/US",9044780148.16849
"339930/US",1262516774.71994
"339940/US",2488527179.71055
"339950/US",12059795113.4096
"339990/US",25365955936.3041
"311111/US",20439027832.5701
"311119/US",34581390144.9331
"311210/US",16089243846.5757
"311221/US",11896681528.1373
"311225/US",13152274236.1359
"311224/US",39161233925.3569
"311230/US",8364460783.08387
"311300/US",32932752320.1521
"311410/US",34251043446.7993
"311420/US",28546022595.0129
"311513/US",59702338185.4665
"311514/US",26435134415.8199
"31151A/US",49671484804.8295
"311520/US",7171879688.46163
"311615/US",77263391799.9863
"31161A/US",157112656735.849
"311700/US",11618909565.9179
"311810/US",37921641665.5273
"3118A0/US",26914203272.7361
"311910/US",34996628229.9159
"311920/US",12856152207.0646
"311930/US",8895396279.08312
"311940/US",23758789933.18
"311990/US",34166052437.6172
"312110/US",36994648802.2241
"312120/US",31022728804.2996
"312130/US",22387616475.564
"312140/US",24361637654.5514
"312200/US",45244122254.803
"313100/US",4808509435.04934
"313200/US",9689890087.92912
"313300/US",4757535453.7905
"314110/US",7605872428.00337
"314120/US",2891137707.08595
"314900/US",8039867311.28997
"315000/US",9080856139.50643
"316000/US",8500137485.7117
"322110/US",6038342468.43879
"322120/US",25483117412.1793
"322130/US",29946863148.2794
"322210/US",67117274387.7021
"322220/US",18913306855.8587
"322230/US",4063110534.0319
"322291/US",11352794295.4848
"322299/US",5291889312.57591
"323110/US",62516747418.4254
"323120/US",2428055102.18552
"324110/US",424762195382.317
"324121/US",13471896677.2746
"324122/US",10253962153.1806
"324190/US",17157686934.3546
"325110/US",51436921480.3499
"325120/US",9367552226.10108
"325130/US",4393164906.85672
"325180/US",27614786565.5021
"325190/US",108196145893.894
"325211/US",93077588956.096
"3252A0/US",12635572791.3887
"325411/US",18487631872.5976
"325412/US",196842646150.882
"325413/US",23763037360.1751
"325414/US",41814586781.0363
"325310/US",20524619539.4782
"325320/US",15960347132.0489
"325510/US",22620194861.713
"325520/US",15491921629.4624
"325610/US",35220198252.9668
"325620/US",35597312122.8222
"325910/US",3703009904.42596
"3259A0/US",40308026884.9523
"326110/US",38568782461.7185
"326120/US",17234823821.9254
"326130/US",3204934262.9597
"326140/US",6933781679.92931
"326150/US",10840398879.0694
"326160/US",13158816092.333
"326190/US",94618645019.0092
"326210/US",16879619690.7001
"326220/US",5554355054.03361
"326290/US",14796117265.7175
"423100/US",153425849353.182
"423400/US",210431197544.439
"423600/US",230428349076.827
"423800/US",189888569298.63
"423A00/US",295849058329.369
"424200/US",262761429515.31
"424400/US",185783554142.592
"424700/US",166164867375.501
"424A00/US",371382479119.996
"425000/US",51022522349.6911
"4200ID/US",48407239175.0377
"441000/US",363064262684.82
"445000/US",253490969775.848
"452000/US",231936456727.102
"444000/US",137535849956.291
"446000/US",145119932881.195
"447000/US",104017045682.155
"448000/US",156397871805.812
"454000/US",540660480631.577
"4B0000/US",224143625684.002
"481000/US",260955146630.748
"482000/US",72631571079.5184
"483000/US",53032622100.9565
"484000/US",380838460240.556
"485000/US",136984332384.816
"486000/US",51269659672.272
"48A000/US",170706126756.323
"492000/US",105613017528.382
"493000/US",131739092571.226
"511110/US",18859092156.4292
"511120/US",28059018916.4066
"511130/US",31161942858.2541
"5111A0/US",8837629705.15449
"511200/US",527945812815.389
"512100/US",165065701492.088
"512200/US",32557960477.451
"515100/US",129264754725.072
"515200/US",122238931138.564
"517110/US",300958653408.042
"517210/US",321166267185.039
"517A00/US",53621158685.3485
"518200/US",400588552398.802
"519130/US",400175079036.23
"5191A0/US",11384778051.4619
"522A00/US",351286591561.897
"52A000/US",670587883632.987
"523900/US",427565630444.258
"523A00/US",278342186961.506
"524113/US",115108908384.534
"5241XX/US",639913697600.168
"524200/US",522303616598.482
"525000/US",163629799971.885
"531HSO/US",1756187641125.41
"531HST/US",547614711388.77
"531ORE/US",1675515883007.52
"532100/US",83032312851.5033
"532400/US",118751202730.437
"532A00/US",30999600840.0448
"533000/US",309669242277.078
"541100/US",349454819582.227
"541511/US",278599191924.788
"541512/US",402163950614.599
"54151A/US",76751247087.8947
"541200/US",205570946277.252
"541300/US",396611329807.883
"541610/US",391455012887.132
"5416A0/US",83332869595.4583
"541700/US",412960512773.44
"541800/US",194642974527.991
"541400/US",56611943186.7079
"541920/US",16439847392.7806
"541940/US",53744909902.3707
"5419A0/US",125328659273.435
"550000/US",774062847526.35
"561300/US",436485361955.536
"561700/US",269925334759.546
"561100/US",94243800823.1127
"561200/US",29470863326.9459
"561400/US",87828126185.0176
"561500/US",83960271862.925
"561600/US",63241985010.9213
"561900/US",72403488115.104
"562111/US",51144130796.5667
"562HAZ/US",18216804556.1395
"562212/US",9772704209.68746
"562213/US",1591307759.92695
"562910/US",20381265956.402
"562920/US",7200259296.09587
"562OTH/US",13825260708.259
"611100/US",54508194903.0738
"611A00/US",214484645693.538
"611B00/US",109796371368.421
"621100/US",609506154530.624
"621200/US",142717071845.491
"621300/US",153433999256.392
"621400/US",202744038972.079
"621500/US",72621869722.4907
"621600/US",108936506601.632
"621900/US",44178574523.5694
"622000/US",964349322060.426
"623A00/US",194253277401.977
"623B00/US",60185008795.3157
"624100/US",145944061088.741
"624400/US",64082343648.5676
"624A00/US",55099547400.3681
"711100/US",31702954130.5726
"711200/US",62339608108.0846
"711500/US",54287637019.8349
"711A00/US",79389312003.5312
"712000/US",22973640921.525
"713100/US",29926937903.813
"713200/US",44093880075.4074
"713900/US",110969120758.26
"721000/US",302993052855.975
"722110/US",446806106026.319
"722211/US",408065434924.719
"722A00/US",129018576060.753
"811100/US",153877726844.208
"811200/US",19732297661.0475
"811300/US",40612831173.1792
"811400/US",27682724082.7346
"812100/US",86523980026.9098
"812200/US",23961549316.2517
"812300/US",28822159962.574
"812900/US",98165475065.5718
"813100/US",92529701993.2899
"813A00/US",79919339634.2413
"813B00/US",112351605354.605
"814000/US",19769280863.3361
"S00500/US",674034305065.981
"S00600/US",489179295219.564
"491000/US",60227367526.9421
"S00102/US",8316470514.56866
"GSLGE/US",1158464249250.73
"GSLGH/US",361607444033.995
"GSLGO/US",997081740607.745
"S00203/US",287674278244.889
"NA",NA
"NA.1",NA
"NA.2",NA
"NA.3",NA
