"NAICS_Code","BEA_Code","Location","allocation_factor"
"111","1111A0","US",0.214834663502631
"1111","1111A0","US",0.380478520240665
"111","1111B0","US",0.349808679219426
"1111","1111B0","US",0.619521479759335
"111","111200","US",0.093767017812127
"111","111300","US",0.108355001929437
"111","111400","US",0.111323088685567
"111","111900","US",0.121911548850813
"112","112120","US",0.161516700377193
"1121","112120","US",0.260405420293048
"112","1121A0","US",0.458734215273602
"1121","1121A0","US",0.739594579706952
"112","112300","US",0.230146094134368
"112","112A00","US",0.149602990214836
"212","212100","US",0.349615596992737
"212","212230","US",0.120502909569723
"2122","212230","US",0.43093670886076
"212","2122A0","US",0.159127270667856
"2122","2122A0","US",0.56906329113924
"212","212310","US",0.190091888601
"2123","212310","US",0.512716718857405
"212","2123A0","US",0.180662334168684
"2123","2123A0","US",0.487283281142595
"213","213111","US",0.176841558890955
"2131","213111","US",0.176841558890955
"21311","213111","US",0.176841558890955
"213","21311A","US",0.823158441109044
"2131","21311A","US",0.823158441109044
"21311","21311A","US",0.823158441109044
"221","221100","US",0.785866050522195
"221","221200","US",0.183037650061325
"221","221300","US",0.0310962994164798
"236","230301","US",0.136284927460959
"23811","230301","US",0.12733106366259
"23835","230301","US",0.12733106366259
"2381","230301","US",0.12733106366259
"23816","230301","US",0.12733106366259
"238310","230301","US",0.12733106366259
"238120","230301","US",0.12733106366259
"23819","230301","US",0.12733106366259
"2362","230301","US",0.261056752194181
"238330","230301","US",0.12733106366259
"238140","230301","US",0.12733106366259
"238210","230301","US",0.12733106366259
"238110","230301","US",0.12733106366259
"238350","230301","US",0.12733106366259
"23621","230301","US",0.603836081057874
"238160","230301","US",0.12733106366259
"23832","230301","US",0.12733106366259
"23813","230301","US",0.12733106366259
"238190","230301","US",0.12733106366259
"238","230301","US",0.12733106366259
"23834","230301","US",0.12733106366259
"238220","230301","US",0.12733106366259
"23822","230301","US",0.12733106366259
"23812","230301","US",0.12733106366259
"23839","230301","US",0.12733106366259
"23833","230301","US",0.12733106366259
"23817","230301","US",0.12733106366259
"23821","230301","US",0.12733106366259
"238130","230301","US",0.12733106366259
"236210","230301","US",0.603836081057874
"238320","230301","US",0.12733106366259
"23622","230301","US",0.376785872153923
"23829","230301","US",0.12733106366259
"238150","230301","US",0.12733106366259
"238910","230301","US",0.12733106366259
"236220","230301","US",0.376785872153923
"238390","230301","US",0.12733106366259
"238170","230301","US",0.12733106366259
"2389","230301","US",0.12733106366259
"23814","230301","US",0.12733106366259
"23899","230301","US",0.12733106366259
"2383","230301","US",0.12733106366259
"238990","230301","US",0.12733106366259
"238290","230301","US",0.12733106366259
"23891","230301","US",0.12733106366259
"238340","230301","US",0.12733106366259
"23815","230301","US",0.12733106366259
"23831","230301","US",0.12733106366259
"2382","230301","US",0.12733106366259
"23819","230302","US",0.0423944981080796
"238120","230302","US",0.0423944981080796
"23822","230302","US",0.0423944981080796
"238210","230302","US",0.0423944981080796
"238140","230302","US",0.0423944981080796
"236","230302","US",0.0453756603707766
"23821","230302","US",0.0423944981080796
"23899","230302","US",0.0423944981080796
"2381","230302","US",0.0423944981080796
"238190","230302","US",0.0423944981080796
"23832","230302","US",0.0423944981080796
"23891","230302","US",0.0423944981080796
"238310","230302","US",0.0423944981080796
"2389","230302","US",0.0423944981080796
"23834","230302","US",0.0423944981080796
"23812","230302","US",0.0423944981080796
"238330","230302","US",0.0423944981080796
"238990","230302","US",0.0423944981080796
"23611","230302","US",0.094938280740773
"23811","230302","US",0.0423944981080796
"2383","230302","US",0.0423944981080796
"238130","230302","US",0.0423944981080796
"23813","230302","US",0.0423944981080796
"238910","230302","US",0.0423944981080796
"238","230302","US",0.0423944981080796
"238150","230302","US",0.0423944981080796
"23815","230302","US",0.0423944981080796
"238340","230302","US",0.0423944981080796
"2361","230302","US",0.094938280740773
"23829","230302","US",0.0423944981080796
"238110","230302","US",0.0423944981080796
"23814","230302","US",0.0423944981080796
"23833","230302","US",0.0423944981080796
"23817","230302","US",0.0423944981080796
"238160","230302","US",0.0423944981080796
"238290","230302","US",0.0423944981080796
"23816","230302","US",0.0423944981080796
"238350","230302","US",0.0423944981080796
"23835","230302","US",0.0423944981080796
"238170","230302","US",0.0423944981080796
"238220","230302","US",0.0423944981080796
"238320","230302","US",0.0423944981080796
"23839","230302","US",0.0423944981080796
"23831","230302","US",0.0423944981080796
"238390","230302","US",0.0423944981080796
"2382","230302","US",0.0423944981080796
"23834","233210","US",0.0320433690894745
"23899","233210","US",0.0320433690894745
"238120","233210","US",0.0320433690894745
"238130","233210","US",0.0320433690894745
"23822","233210","US",0.0320433690894745
"238190","233210","US",0.0320433690894745
"23891","233210","US",0.0320433690894745
"23819","233210","US",0.0320433690894745
"237210","233210","US",0.0351462540551651
"238340","233210","US",0.0320433690894745
"23721","233210","US",0.0351462540551651
"238140","233210","US",0.0320433690894745
"236","233210","US",0.0342966445606378
"238990","233210","US",0.0320433690894745
"23833","233210","US",0.0320433690894745
"23811","233210","US",0.0320433690894745
"23815","233210","US",0.0320433690894745
"23813","233210","US",0.0320433690894745
"238910","233210","US",0.0320433690894745
"238","233210","US",0.0320433690894745
"2362","233210","US",0.0656959709849291
"236220","233210","US",0.094819664752985
"2389","233210","US",0.0320433690894745
"238310","233210","US",0.0320433690894745
"23812","233210","US",0.0320433690894745
"238210","233210","US",0.0320433690894745
"23814","233210","US",0.0320433690894745
"2372","233210","US",0.0351462540551651
"2383","233210","US",0.0320433690894745
"238160","233210","US",0.0320433690894745
"23622","233210","US",0.094819664752985
"23816","233210","US",0.0320433690894745
"23829","233210","US",0.0320433690894745
"23835","233210","US",0.0320433690894745
"238150","233210","US",0.0320433690894745
"238220","233210","US",0.0320433690894745
"23817","233210","US",0.0320433690894745
"23821","233210","US",0.0320433690894745
"238170","233210","US",0.0320433690894745
"238330","233210","US",0.0320433690894745
"238350","233210","US",0.0320433690894745
"238390","233210","US",0.0320433690894745
"23839","233210","US",0.0320433690894745
"2381","233210","US",0.0320433690894745
"238110","233210","US",0.0320433690894745
"238320","233210","US",0.0320433690894745
"23832","233210","US",0.0320433690894745
"238290","233210","US",0.0320433690894745
"23831","233210","US",0.0320433690894745
"2382","233210","US",0.0320433690894745
"238120","233230","US",0.0835391835069989
"23721","233230","US",0.0916286099286132
"23822","233230","US",0.0835391835069989
"23834","233230","US",0.0835391835069989
"23819","233230","US",0.0835391835069989
"23833","233230","US",0.0835391835069989
"2389","233230","US",0.0835391835069989
"23813","233230","US",0.0835391835069989
"23821","233230","US",0.0835391835069989
"238320","233230","US",0.0835391835069989
"23891","233230","US",0.0835391835069989
"238310","233230","US",0.0835391835069989
"2382","233230","US",0.0835391835069989
"236","233230","US",0.0894136217582239
"237210","233230","US",0.0916286099286132
"2362","233230","US",0.171273743421169
"23815","233230","US",0.0835391835069989
"2381","233230","US",0.0835391835069989
"2372","233230","US",0.0916286099286132
"23811","233230","US",0.0835391835069989
"238210","233230","US",0.0835391835069989
"238220","233230","US",0.0835391835069989
"23816","233230","US",0.0835391835069989
"23829","233230","US",0.0835391835069989
"23835","233230","US",0.0835391835069989
"238140","233230","US",0.0835391835069989
"238110","233230","US",0.0835391835069989
"238340","233230","US",0.0835391835069989
"23812","233230","US",0.0835391835069989
"23899","233230","US",0.0835391835069989
"238290","233230","US",0.0835391835069989
"238330","233230","US",0.0835391835069989
"2383","233230","US",0.0835391835069989
"23832","233230","US",0.0835391835069989
"238150","233230","US",0.0835391835069989
"238350","233230","US",0.0835391835069989
"238190","233230","US",0.0835391835069989
"23814","233230","US",0.0835391835069989
"238170","233230","US",0.0835391835069989
"23831","233230","US",0.0835391835069989
"23817","233230","US",0.0835391835069989
"236210","233230","US",0.396163918942126
"238160","233230","US",0.0835391835069989
"238130","233230","US",0.0835391835069989
"23621","233230","US",0.396163918942126
"238390","233230","US",0.0835391835069989
"238","233230","US",0.0835391835069989
"238910","233230","US",0.0835391835069989
"23839","233230","US",0.0835391835069989
"238990","233230","US",0.0835391835069989
"23821","233240","US",0.0656995895671194
"23829","233240","US",0.0656995895671194
"23815","233240","US",0.0656995895671194
"23822","233240","US",0.0656995895671194
"23721","233240","US",0.0720615382171076
"238160","233240","US",0.0656995895671194
"2383","233240","US",0.0656995895671194
"23812","233240","US",0.0656995895671194
"23811","233240","US",0.0656995895671194
"238150","233240","US",0.0656995895671194
"23819","233240","US",0.0656995895671194
"23816","233240","US",0.0656995895671194
"23813","233240","US",0.0656995895671194
"237210","233240","US",0.0720615382171076
"23834","233240","US",0.0656995895671194
"23891","233240","US",0.0656995895671194
"23817","233240","US",0.0656995895671194
"237","233240","US",0.307851388670889
"23839","233240","US",0.0656995895671194
"238110","233240","US",0.0656995895671194
"2382","233240","US",0.0656995895671194
"238320","233240","US",0.0656995895671194
"238910","233240","US",0.0656995895671194
"238130","233240","US",0.0656995895671194
"238220","233240","US",0.0656995895671194
"238340","233240","US",0.0656995895671194
"238","233240","US",0.0656995895671194
"238170","233240","US",0.0656995895671194
"23831","233240","US",0.0656995895671194
"238390","233240","US",0.0656995895671194
"238330","233240","US",0.0656995895671194
"238990","233240","US",0.0656995895671194
"23833","233240","US",0.0656995895671194
"23899","233240","US",0.0656995895671194
"23814","233240","US",0.0656995895671194
"2372","233240","US",0.0720615382171076
"23835","233240","US",0.0656995895671194
"2381","233240","US",0.0656995895671194
"238210","233240","US",0.0656995895671194
"238310","233240","US",0.0656995895671194
"2389","233240","US",0.0656995895671194
"238120","233240","US",0.0656995895671194
"238290","233240","US",0.0656995895671194
"238350","233240","US",0.0656995895671194
"238140","233240","US",0.0656995895671194
"23832","233240","US",0.0656995895671194
"238190","233240","US",0.0656995895671194
"23819","233262","US",0.0607863454000691
"237210","233262","US",0.0666725253686762
"23832","233262","US",0.0607863454000691
"238310","233262","US",0.0607863454000691
"23815","233262","US",0.0607863454000691
"238120","233262","US",0.0607863454000691
"2362","233262","US",0.124625409161316
"2389","233262","US",0.0607863454000691
"236","233262","US",0.0650608141892023
"23822","233262","US",0.0607863454000691
"23721","233262","US",0.0666725253686762
"23833","233262","US",0.0607863454000691
"23835","233262","US",0.0607863454000691
"2381","233262","US",0.0607863454000691
"23813","233262","US",0.0607863454000691
"236220","233262","US",0.179873123712417
"238190","233262","US",0.0607863454000691
"238150","233262","US",0.0607863454000691
"238220","233262","US",0.0607863454000691
"238330","233262","US",0.0607863454000691
"238990","233262","US",0.0607863454000691
"238140","233262","US",0.0607863454000691
"23814","233262","US",0.0607863454000691
"2372","233262","US",0.0666725253686762
"23811","233262","US",0.0607863454000691
"238160","233262","US",0.0607863454000691
"238290","233262","US",0.0607863454000691
"23816","233262","US",0.0607863454000691
"238340","233262","US",0.0607863454000691
"238","233262","US",0.0607863454000691
"23839","233262","US",0.0607863454000691
"238110","233262","US",0.0607863454000691
"238390","233262","US",0.0607863454000691
"23834","233262","US",0.0607863454000691
"23622","233262","US",0.179873123712417
"238130","233262","US",0.0607863454000691
"238350","233262","US",0.0607863454000691
"2383","233262","US",0.0607863454000691
"23829","233262","US",0.0607863454000691
"238170","233262","US",0.0607863454000691
"23891","233262","US",0.0607863454000691
"2382","233262","US",0.0607863454000691
"23812","233262","US",0.0607863454000691
"238320","233262","US",0.0607863454000691
"23831","233262","US",0.0607863454000691
"23899","233262","US",0.0607863454000691
"23821","233262","US",0.0607863454000691
"23817","233262","US",0.0607863454000691
"238910","233262","US",0.0607863454000691
"238210","233262","US",0.0607863454000691
"23815","2332A0","US",0.117779344004498
"23819","2332A0","US",0.117779344004498
"23832","2332A0","US",0.117779344004498
"23899","2332A0","US",0.117779344004498
"23835","2332A0","US",0.117779344004498
"2362","2332A0","US",0.241473621102005
"23829","2332A0","US",0.117779344004498
"238190","2332A0","US",0.117779344004498
"238350","2332A0","US",0.117779344004498
"2372","2332A0","US",0.129184379310242
"23822","2332A0","US",0.117779344004498
"23721","2332A0","US",0.129184379310242
"238150","2332A0","US",0.117779344004498
"2389","2332A0","US",0.117779344004498
"238330","2332A0","US",0.117779344004498
"23821","2332A0","US",0.117779344004498
"238160","2332A0","US",0.117779344004498
"2381","2332A0","US",0.117779344004498
"238120","2332A0","US",0.117779344004498
"23813","2332A0","US",0.117779344004498
"238","2332A0","US",0.117779344004498
"238910","2332A0","US",0.117779344004498
"23891","2332A0","US",0.117779344004498
"238340","2332A0","US",0.117779344004498
"23834","2332A0","US",0.117779344004498
"238170","2332A0","US",0.117779344004498
"238210","2332A0","US",0.117779344004498
"23817","2332A0","US",0.117779344004498
"23811","2332A0","US",0.117779344004498
"23622","2332A0","US",0.348521339380674
"238290","2332A0","US",0.117779344004498
"236","2332A0","US",0.126061535122229
"238320","2332A0","US",0.117779344004498
"23812","2332A0","US",0.117779344004498
"237210","2332A0","US",0.129184379310242
"238220","2332A0","US",0.117779344004498
"238310","2332A0","US",0.117779344004498
"23814","2332A0","US",0.117779344004498
"23833","2332A0","US",0.117779344004498
"23831","2332A0","US",0.117779344004498
"238390","2332A0","US",0.117779344004498
"23816","2332A0","US",0.117779344004498
"2382","2332A0","US",0.117779344004498
"23839","2332A0","US",0.117779344004498
"238130","2332A0","US",0.117779344004498
"238110","2332A0","US",0.117779344004498
"236220","2332A0","US",0.348521339380674
"238140","2332A0","US",0.117779344004498
"238990","2332A0","US",0.117779344004498
"2383","2332A0","US",0.117779344004498
"237","2332C0","US",0.381609814660055
"237210","2332C0","US",0.0893268351391045
"23721","2332C0","US",0.0893268351391045
"2372","2332C0","US",0.0893268351391045
"238120","2332D0","US",0.066273118253286
"23829","2332D0","US",0.066273118253286
"23816","2332D0","US",0.066273118253286
"2389","2332D0","US",0.066273118253286
"238310","2332D0","US",0.066273118253286
"2362","2332D0","US",0.135874503136401
"23835","2332D0","US",0.066273118253286
"238290","2332D0","US",0.066273118253286
"238330","2332D0","US",0.066273118253286
"238350","2332D0","US",0.066273118253286
"2372","2332D0","US",0.0726906039328771
"238190","2332D0","US",0.066273118253286
"23832","2332D0","US",0.066273118253286
"237210","2332D0","US",0.0726906039328771
"23813","2332D0","US",0.066273118253286
"23834","2332D0","US",0.066273118253286
"23721","2332D0","US",0.0726906039328771
"238110","2332D0","US",0.066273118253286
"23822","2332D0","US",0.066273118253286
"23811","2332D0","US",0.066273118253286
"238160","2332D0","US",0.066273118253286
"23833","2332D0","US",0.066273118253286
"2382","2332D0","US",0.066273118253286
"236","2332D0","US",0.0709334144705987
"238","2332D0","US",0.066273118253286
"238150","2332D0","US",0.066273118253286
"238220","2332D0","US",0.066273118253286
"23891","2332D0","US",0.066273118253286
"23812","2332D0","US",0.066273118253286
"238170","2332D0","US",0.066273118253286
"23831","2332D0","US",0.066273118253286
"238390","2332D0","US",0.066273118253286
"23814","2332D0","US",0.066273118253286
"23821","2332D0","US",0.066273118253286
"23839","2332D0","US",0.066273118253286
"2381","2332D0","US",0.066273118253286
"23899","2332D0","US",0.066273118253286
"238320","2332D0","US",0.066273118253286
"238910","2332D0","US",0.066273118253286
"23819","2332D0","US",0.066273118253286
"238130","2332D0","US",0.066273118253286
"23815","2332D0","US",0.066273118253286
"238140","2332D0","US",0.066273118253286
"238210","2332D0","US",0.066273118253286
"238990","2332D0","US",0.066273118253286
"2383","2332D0","US",0.066273118253286
"237","2332D0","US",0.310538796669056
"238340","2332D0","US",0.066273118253286
"23817","2332D0","US",0.066273118253286
"23819","233411","US",0.171418535161564
"23721","233411","US",0.188017663490059
"23816","233411","US",0.171418535161564
"238160","233411","US",0.171418535161564
"238190","233411","US",0.171418535161564
"23611","233411","US",0.38387483616038
"23829","233411","US",0.171418535161564
"23822","233411","US",0.171418535161564
"23834","233411","US",0.171418535161564
"236","233411","US",0.183472610358955
"23815","233411","US",0.171418535161564
"23811","233411","US",0.171418535161564
"236117","233411","US",0.424142164000233
"238290","233411","US",0.171418535161564
"238990","233411","US",0.171418535161564
"23813","233411","US",0.171418535161564
"238","233411","US",0.171418535161564
"238150","233411","US",0.171418535161564
"238350","233411","US",0.171418535161564
"238340","233411","US",0.171418535161564
"23812","233411","US",0.171418535161564
"238170","233411","US",0.171418535161564
"238310","233411","US",0.171418535161564
"23814","233411","US",0.171418535161564
"23821","233411","US",0.171418535161564
"23833","233411","US",0.171418535161564
"238130","233411","US",0.171418535161564
"2381","233411","US",0.171418535161564
"2382","233411","US",0.171418535161564
"2372","233411","US",0.188017663490059
"23835","233411","US",0.171418535161564
"238120","233411","US",0.171418535161564
"2361","233411","US",0.38387483616038
"2389","233411","US",0.171418535161564
"2383","233411","US",0.171418535161564
"238140","233411","US",0.171418535161564
"238210","233411","US",0.171418535161564
"238330","233411","US",0.171418535161564
"238320","233411","US",0.171418535161564
"23839","233411","US",0.171418535161564
"23899","233411","US",0.171418535161564
"237210","233411","US",0.188017663490059
"23891","233411","US",0.171418535161564
"238910","233411","US",0.171418535161564
"23832","233411","US",0.171418535161564
"238110","233411","US",0.171418535161564
"23817","233411","US",0.171418535161564
"238390","233411","US",0.171418535161564
"238220","233411","US",0.171418535161564
"23831","233411","US",0.171418535161564
"23822","233412","US",0.0614187207549032
"2381","233412","US",0.0614187207549032
"23815","233412","US",0.0614187207549032
"23811","233412","US",0.0614187207549032
"238160","233412","US",0.0614187207549032
"238330","233412","US",0.0614187207549032
"23813","233412","US",0.0614187207549032
"238","233412","US",0.0614187207549032
"238310","233412","US",0.0614187207549032
"238350","233412","US",0.0614187207549032
"238340","233412","US",0.0614187207549032
"23812","233412","US",0.0614187207549032
"238290","233412","US",0.0614187207549032
"237210","233412","US",0.0673661361065847
"238390","233412","US",0.0614187207549032
"23814","233412","US",0.0614187207549032
"23839","233412","US",0.0614187207549032
"23899","233412","US",0.0614187207549032
"236","233412","US",0.0657376578978988
"23816","233412","US",0.0614187207549032
"23829","233412","US",0.0614187207549032
"23835","233412","US",0.0614187207549032
"238220","233412","US",0.0614187207549032
"23819","233412","US",0.0614187207549032
"2361","233412","US",0.137541143638562
"2389","233412","US",0.0614187207549032
"238140","233412","US",0.0614187207549032
"238210","233412","US",0.0614187207549032
"23817","233412","US",0.0614187207549032
"236117","233412","US",0.151968800261641
"23721","233412","US",0.0673661361065847
"238130","233412","US",0.0614187207549032
"2382","233412","US",0.0614187207549032
"238320","233412","US",0.0614187207549032
"238190","233412","US",0.0614187207549032
"238120","233412","US",0.0614187207549032
"23891","233412","US",0.0614187207549032
"23832","233412","US",0.0614187207549032
"2383","233412","US",0.0614187207549032
"23834","233412","US",0.0614187207549032
"238110","233412","US",0.0614187207549032
"23831","233412","US",0.0614187207549032
"23611","233412","US",0.137541143638562
"23821","233412","US",0.0614187207549032
"23833","233412","US",0.0614187207549032
"2372","233412","US",0.0673661361065847
"238910","233412","US",0.0614187207549032
"238150","233412","US",0.0614187207549032
"238170","233412","US",0.0614187207549032
"238990","233412","US",0.0614187207549032
"23815","2334A0","US",0.171316232491419
"23819","2334A0","US",0.171316232491419
"238350","2334A0","US",0.171316232491419
"238340","2334A0","US",0.171316232491419
"238210","2334A0","US",0.171316232491419
"23891","2334A0","US",0.171316232491419
"238390","2334A0","US",0.171316232491419
"238290","2334A0","US",0.171316232491419
"23831","2334A0","US",0.171316232491419
"236","2334A0","US",0.183363113810519
"23816","2334A0","US",0.171316232491419
"238160","2334A0","US",0.171316232491419
"23833","2334A0","US",0.171316232491419
"238220","2334A0","US",0.171316232491419
"2361","2334A0","US",0.383645739460285
"238310","2334A0","US",0.171316232491419
"238150","2334A0","US",0.171316232491419
"238140","2334A0","US",0.171316232491419
"23611","2334A0","US",0.383645739460285
"2383","2334A0","US",0.171316232491419
"236117","2334A0","US",0.423889035738126
"23721","2334A0","US",0.187905454451571
"238110","2334A0","US",0.171316232491419
"2382","2334A0","US",0.171316232491419
"23811","2334A0","US",0.171316232491419
"23835","2334A0","US",0.171316232491419
"23832","2334A0","US",0.171316232491419
"2381","2334A0","US",0.171316232491419
"23813","2334A0","US",0.171316232491419
"23822","2334A0","US",0.171316232491419
"23834","2334A0","US",0.171316232491419
"237210","2334A0","US",0.187905454451571
"23817","2334A0","US",0.171316232491419
"23812","2334A0","US",0.171316232491419
"23839","2334A0","US",0.171316232491419
"238130","2334A0","US",0.171316232491419
"23899","2334A0","US",0.171316232491419
"238320","2334A0","US",0.171316232491419
"238910","2334A0","US",0.171316232491419
"238170","2334A0","US",0.171316232491419
"238120","2334A0","US",0.171316232491419
"238190","2334A0","US",0.171316232491419
"238","2334A0","US",0.171316232491419
"23821","2334A0","US",0.171316232491419
"2372","2334A0","US",0.187905454451571
"238330","2334A0","US",0.171316232491419
"23829","2334A0","US",0.171316232491419
"2389","2334A0","US",0.171316232491419
"23814","2334A0","US",0.171316232491419
"238990","2334A0","US",0.171316232491419
"311","311111","US",0.0274045742243622
"31111","311111","US",0.365559929555579
"3111","311111","US",0.365559929555579
"31111","311119","US",0.634440070444421
"3111","311119","US",0.634440070444421
"311","311119","US",0.0475614491515552
"311","311210","US",0.0221061623888479
"3112","311210","US",0.185141221808485
"3112","311221","US",0.143351924421535
"311","311221","US",0.0171164524521415
"31122","311221","US",0.196968173642995
"3112","311224","US",0.431267175076017
"311","311224","US",0.0514940006989477
"31122","311224","US",0.592569009238469
"3112","311225","US",0.153173222328818
"311","311225","US",0.0182891313633363
"31122","311225","US",0.210462817118536
"311","311230","US",0.0103958762085971
"3112","311230","US",0.0870664563651442
"311","311300","US",0.0415466159282414
"3114","311410","US",0.537574841245842
"311","311410","US",0.0431444880208131
"311","311420","US",0.037113151865802
"3114","311420","US",0.462425158754158
"311","311513","US",0.0652176445462665
"3115","311513","US",0.404996292567653
"31151","311513","US",0.427769146524718
"3115","311514","US",0.180386175798605
"31151","311514","US",0.190529251458116
"311","311514","US",0.0290480720692735
"3115","31151A","US",0.36138121447044
"31151","31151A","US",0.381701602017166
"311","31151A","US",0.0581941909680426
"3115","311520","US",0.0532363171633018
"311","311520","US",0.00857278763639188
"3116","311615","US",0.291643182866219
"311","311615","US",0.0828835475478585
"31161","311615","US",0.291643182866219
"3116","31161A","US",0.708356817133781
"31161","31161A","US",0.708356817133781
"311","31161A","US",0.20131149768959
"311","311700","US",0.0140449656350716
"3118","311810","US",0.60551730511529
"311","311810","US",0.0508833922261484
"311","3118A0","US",0.0331495359763911
"3118","3118A0","US",0.39448269488471
"311","311910","US",0.0423921484875548
"3119","311910","US",0.301675244378433
"3119","311920","US",0.112908016994232
"311","311920","US",0.0158661126859007
"3119","311930","US",0.0849435252668302
"311","311930","US",0.0119364734205724
"311","311940","US",0.0289917679493651
"3119","311940","US",0.206314116956236
"311","311990","US",0.0413359608589291
"3119","311990","US",0.294159096404269
"312","312110","US",0.257043570171459
"3121","312110","US",0.377893425199736
"3121","312120","US",0.245752400498424
"312","312120","US",0.167161083495785
"3121","312130","US",0.191409514036502
"312","312130","US",0.130196985636152
"3121","312140","US",0.184944660265338
"312","312140","US",0.125799584191292
"312","312200","US",0.319798776505312
"313","313100","US",0.249574813115532
"313","313200","US",0.488312304710675
"313","313300","US",0.262112882173793
"314","314110","US",0.392689912260763
"3141","314110","US",0.726126429051782
"314","314120","US",0.148111106059917
"3141","314120","US",0.273873570948218
"314","314900","US",0.45919898167932
"321","321100","US",0.283846624280258
"321","321200","US",0.226769209466554
"321","321910","US",0.222424794895169
"3219","321910","US",0.454499369274843
"321","3219A0","US",0.266959371358019
"3219","3219A0","US",0.545500630725157
"322","322110","US",0.0351932317171299
"3221","322110","US",0.0964247020585049
"322","322120","US",0.147279122698117
"3221","322120","US",0.40352490614528
"322","322130","US",0.18250913856128
"3221","322130","US",0.500050391796216
"322","322210","US",0.395342207508564
"3222","322210","US",0.622568008862693
"322","322220","US",0.115566590799365
"3222","322220","US",0.181989327115932
"322","322230","US",0.027385796721613
"3222","322230","US",0.0431259820284272
"322","322291","US",0.0639400418419661
"3222","322291","US",0.100690044675505
"32229","322291","US",0.66105723521582
"322","322299","US",0.0327838701519645
"3222","322299","US",0.0516266373174423
"32229","322299","US",0.33894276478418
"323","323110","US",0.964908961929534
"3231","323110","US",0.964908961929534
"323","323120","US",0.0350910380704658
"3231","323120","US",0.0350910380704658
"324","324110","US",0.917794077920932
"3241","324110","US",0.917794077920932
"324","324121","US",0.0251545022024489
"3241","324121","US",0.0251545022024489
"32412","324121","US",0.545326879407195
"324","324122","US",0.0209728814867495
"3241","324122","US",0.0209728814867495
"32412","324122","US",0.454673120592805
"324","324190","US",0.0360785383898693
"3241","324190","US",0.0360785383898693
"325","325110","US",0.0759602513619548
"3251","325110","US",0.261611183249185
"325","325120","US",0.0138316877556073
"3251","325120","US",0.0476370751175536
"3251","325130","US",0.0219433407515647
"325","325130","US",0.00637137013222494
"3251","325180","US",0.142384047382331
"325","325180","US",0.0413419942326875
"325","325190","US",0.152850217327209
"3251","325190","US",0.526424353499365
"325","325211","US",0.116415677967408
"3252","325211","US",0.881854898329222
"32521","325211","US",0.881854898329222
"3252","3252A0","US",0.118145101670778
"32521","3252A0","US",0.118145101670778
"325","3252A0","US",0.0155966045384455
"325","325310","US",0.0304843658986847
"3253","325310","US",0.596918249114902
"325","325320","US",0.0205852168186913
"3253","325320","US",0.403081750885098
"325","325411","US",0.0208482079108953
"3254","325411","US",0.0633850766780148
"32541","325411","US",0.0633850766780148
"325","325412","US",0.229678544755228
"3254","325412","US",0.698294655964019
"32541","325412","US",0.698294655964019
"325","325413","US",0.0278246630169804
"3254","325413","US",0.0845956835431177
"32541","325413","US",0.0845956835431177
"325","325414","US",0.0505620920941385
"3254","325414","US",0.153724583814848
"32541","325414","US",0.153724583814848
"325","325510","US",0.0348175550663282
"3255","325510","US",0.637271308500837
"325","325520","US",0.0198178170301115
"3255","325520","US",0.362728691499163
"325","325610","US",0.0460460419326969
"3256","325610","US",0.523108164884926
"325","325620","US",0.0419778984751653
"3256","325620","US",0.476891835115074
"325","325910","US",0.00469069268360836
"3259","325910","US",0.0853011507995815
"325","3259A0","US",0.0502991010019344
"3259","3259A0","US",0.914698849200418
"326","326110","US",0.165547010365687
"3261","326110","US",0.197582124328312
"326","326120","US",0.0931425695689914
"3261","326120","US",0.111166651213977
"3261","326130","US",0.017015427159379
"326","326130","US",0.0142566191446029
"3261","326140","US",0.0467934324724169
"326","326140","US",0.0392065470340085
"326","326150","US",0.0447761194029851
"3261","326150","US",0.053440776558135
"326","326160","US",0.0552431326058101
"3261","326160","US",0.0659332685664069
"3261","326190","US",0.508068319701373
"326","326190","US",0.425692312368909
"3262","326210","US",0.463586367802683
"326","326210","US",0.0751638953906638
"326","326220","US",0.0234401650944193
"3262","326220","US",0.144571285726189
"326","326290","US",0.0635316290239231
"3262","326290","US",0.391842346471127
"327","327100","US",0.0595941299983848
"327","327200","US",0.192297930270657
"327","327310","US",0.0711426198112555
"3273","327310","US",0.147596309194701
"327","327320","US",0.253870647684534
"3273","327320","US",0.526693713424048
"3273","327330","US",0.10581744635527
"327","327330","US",0.0510048685941069
"3273","327390","US",0.219892531025982
"327","327390","US",0.105989985924918
"327","327400","US",0.0713445164863056
"327","327910","US",0.0225778167470408
"3279","327910","US",0.11592915111664
"3279","327991","US",0.216485990166459
"327","327991","US",0.0421617942269088
"32799","327991","US",0.244874028410614
"3279","327992","US",0.17472306143001
"32799","327992","US",0.19763468239078
"327","327992","US",0.0340282424606013
"3279","327993","US",0.336887625140691
"32799","327993","US",0.381064057893326
"327","327993","US",0.0656106509148804
"3279","327999","US",0.1559741721462
"327","327999","US",0.0303767968804079
"32799","327999","US",0.17642723130528
"331","331110","US",0.425205780373118
"331","331200","US",0.134536332056244
"331","331313","US",0.00758129665194602
"33131","331313","US",0.0497420152658735
"3313","331313","US",0.0497420152658735
"331","331314","US",0.0265491614429485
"3313","331314","US",0.17419299816639
"33131","331314","US",0.17419299816639
"331","33131B","US",0.118281876054086
"3313","33131B","US",0.776064986567737
"33131","33131B","US",0.776064986567737
"331","331410","US",0.035258066298163
"3314","331410","US",0.194451414029177
"3314","331420","US",0.570970285673322
"331","331420","US",0.103528731262044
"331","331490","US",0.0425339013619037
"3314","331490","US",0.234578300297502
"331","331510","US",0.0646831160981507
"3315","331510","US",0.607211494463256
"331","331520","US",0.041841738401396
"3315","331520","US",0.392788505536744
"332","332114","US",0.0157974759192857
"33211","332114","US",0.208490401902221
"3321","332114","US",0.208490401902221
"332","332119","US",0.0335811713421922
"3321","332119","US",0.443194339732065
"33211","332119","US",0.443194339732065
"3321","33211A","US",0.348315258365714
"332","33211A","US",0.0263921113689095
"33211","33211A","US",0.348315258365714
"332","332200","US",0.0229294101103846
"3323","332310","US",0.542944341587595
"332","332310","US",0.164948498910216
"3323","332320","US",0.457055658412405
"332","332320","US",0.138855199325037
"332","332410","US",0.0133498558672573
"3324","332410","US",0.142408475132424
"3324","332420","US",0.241620962827544
"332","332420","US",0.0226503726358715
"3324","332430","US",0.615970562040032
"332","332430","US",0.0577431800604654
"332","332500","US",0.0232326161850524
"332","332600","US",0.0234589221683189
"3327","332710","US",0.574201100021396
"332","332710","US",0.100238170568797
"3327","332720","US",0.425798899978604
"332","332720","US",0.0743316283484497
"332","332800","US",0.0709194614357027
"332","332913","US",0.0138595936159741
"3329","332913","US",0.0655077159532266
"33291","332913","US",0.167868643052931
"332","33291A","US",0.0687025416578781
"3329","33291A","US",0.324724281886722
"33291","33291A","US",0.832131356947069
"332","332991","US",0.012965355410251
"3329","332991","US",0.0612810767025983
"33299","332991","US",0.100499003695693
"332","332996","US",0.0164917738873655
"3329","332996","US",0.0779487818555673
"33299","332996","US",0.127833506480236
"332","332999","US",0.0452546052169022
"3329","332999","US",0.213897023698257
"33299","332999","US",0.350784270313538
"332","33299A","US",0.0542980559656894
"3329","33299A","US",0.256641119903628
"33299","33299A","US",0.420883219510534
"333","333111","US",0.0745019408125475
"3331","333111","US",0.31716708114492
"33311","333111","US",0.748430950492806
"333","333112","US",0.0250422332538664
"3331","333112","US",0.106608927765562
"33311","333112","US",0.251569049507194
"3331","333120","US",0.403756229176068
"333","333120","US",0.0948415660925049
"3331","333130","US",0.172467761913449
"333","333130","US",0.0405123474471718
"333","333242","US",0.0289351355862246
"33324","333242","US",0.323760252365931
"3332","333242","US",0.323760252365931
"3332","33329A","US",0.676239747634069
"333","33329A","US",0.0604369703927411
"33324","33329A","US",0.676239747634069
"3333","333314","US",0.243115101382024
"333","333314","US",0.0163068852044901
"33331","333314","US",0.243115101382024
"3333","333316","US",0.0453949359427015
"33331","333316","US",0.0453949359427015
"333","333316","US",0.00304485408382596
"3333","333318","US",0.711489962675275
"33331","333318","US",0.711489962675275
"333","333318","US",0.0477230130071656
"3334","333413","US",0.159844724230921
"333","333413","US",0.0209891941511736
"33341","333413","US",0.159844724230921
"333","333414","US",0.0156054410414754
"3334","333414","US",0.118844363523935
"33341","333414","US",0.118844363523935
"3334","333415","US",0.721310912245143
"333","333415","US",0.0947152610342129
"33341","333415","US",0.721310912245143
"333","333511","US",0.0148949750885827
"33351","333511","US",0.192368191086513
"3335","333511","US",0.192368191086513
"333","333514","US",0.0213545766412327
"3335","333514","US",0.275793766385086
"33351","333514","US",0.275793766385086
"3335","333517","US",0.271570055345179
"33351","333517","US",0.271570055345179
"333","333517","US",0.0210275367581551
"3335","33351B","US",0.260267987183222
"33351","33351B","US",0.260267987183222
"333","33351B","US",0.0201524231399889
"3336","333611","US",0.212674132750615
"33361","333611","US",0.212674132750615
"333","333611","US",0.0263413709962988
"3336","333612","US",0.0874260220340526
"33361","333612","US",0.0874260220340526
"333","333612","US",0.0108284033010729
"3336","333613","US",0.107511608850041
"33361","333613","US",0.107511608850041
"333","333613","US",0.0133161618599322
"3336","333618","US",0.592388236365292
"33361","333618","US",0.592388236365292
"333","333618","US",0.0733719616303277
"3339","333912","US",0.0760727474754077
"33391","333912","US",0.357620218159471
"333","333912","US",0.0210004713885211
"3339","333914","US",0.136646622438642
"33391","333914","US",0.642379781840528
"333","333914","US",0.0377223589273994
"333","333920","US",0.0923628293235236
"3339","333920","US",0.334577927383248
"3339","333991","US",0.0235628615314226
"333","333991","US",0.00650471050204005
"33399","333991","US",0.0520493060694111
"33399","333993","US",0.161363677380931
"3339","333993","US",0.0730497728683944
"333","333993","US",0.0201659558248059
"3339","333994","US",0.0289061734043596
"333","333994","US",0.00797977314709352
"33399","333994","US",0.0638524427439586
"33399","33399A","US",0.487104982945009
"3339","33399A","US",0.220513742279159
"333","33399A","US",0.0608745272018242
"3339","33399B","US",0.106670152619367
"333","33399B","US",0.0294471221618013
"33399","33399B","US",0.23562959086069
"334","334111","US",0.0662209870051829
"33411","334111","US",0.639613059250302
"3341","334111","US",0.639613059250302
"334","334112","US",0.0177470642730163
"3341","334112","US",0.171414752116082
"33411","334112","US",0.171414752116082
"3341","334118","US",0.188972188633615
"334","334118","US",0.0195648363754726
"33411","334118","US",0.188972188633615
"3342","334210","US",0.148882092821424
"334","334210","US",0.0180400110168006
"3342","334220","US",0.75228334091003
"334","334220","US",0.0911540098650442
"334","334290","US",0.0119757630386339
"3342","334290","US",0.0988345662685457
"334","334300","US",0.0125316107063271
"3344","334413","US",0.562962028322893
"33441","334413","US",0.562962028322893
"334","334413","US",0.189912115976865
"3344","334418","US",0.194482379835525
"334","334418","US",0.065607551516062
"33441","334418","US",0.194482379835525
"3344","33441A","US",0.242555591841582
"334","33441A","US",0.0818247827937605
"33441","33441A","US",0.242555591841582
"334","334510","US",0.0984376173664839
"33451","334510","US",0.233535495138018
"3345","334510","US",0.233535495138018
"334","334511","US",0.131460477227772
"33451","334511","US",0.311879629574629
"3345","334511","US",0.311879629574629
"334","334512","US",0.00657001927940109
"33451","334512","US",0.0155868533445799
"3345","334512","US",0.0155868533445799
"334","334513","US",0.0359798693006835
"33451","334513","US",0.0853594064640296
"3345","334513","US",0.0853594064640296
"33451","334514","US",0.0322607471472613
"334","334514","US",0.0135982373119006
"3345","334514","US",0.0322607471472613
"33451","334515","US",0.0779580271700713
"334","334515","US",0.0328601116702972
"3345","334515","US",0.0779580271700713
"334","334516","US",0.0458248829464934
"33451","334516","US",0.108715926033728
"3345","334516","US",0.108715926033728
"334","334517","US",0.0195272791006285
"33451","334517","US",0.0463269318728579
"3345","334517","US",0.0463269318728579
"334","33451A","US",0.0372518090087383
"3345","33451A","US",0.0883769832548249
"33451","33451A","US",0.0883769832548249
"334","334610","US",0.00391096422043617
"335","335110","US",0.00522704998366547
"3351","335110","US",0.0613913699836457
"3351","335120","US",0.938608630016354
"335","335120","US",0.0799160244428854
"3352","335210","US",0.113431129738998
"335","335210","US",0.0159435735669796
"3352","335220","US",0.886568870261002
"335","335220","US",0.124613728504025
"3353","335311","US",0.185471229210476
"33531","335311","US",0.185471229210476
"335","335311","US",0.0519598759646746
"3353","335312","US",0.293806155610782
"33531","335312","US",0.293806155610782
"335","335312","US",0.0823099704907322
"3353","335313","US",0.309558401835213
"33531","335313","US",0.309558401835213
"335","335313","US",0.0867229717064497
"3353","335314","US",0.211164213343529
"33531","335314","US",0.211164213343529
"335","335314","US",0.0591577808602139
"3359","335911","US",0.335999479776304
"335","335911","US",0.166033815157374
"33591","335911","US",0.757772780602268
"335","335912","US",0.0530738374366033
"3359","335912","US",0.107404517275762
"33591","335912","US",0.242227219397732
"335","335920","US",0.0728787870673358
"3359","335920","US",0.147483417869684
"3359","335930","US",0.187486452507912
"335","335930","US",0.0926462476100706
"3359","335991","US",0.0406966662331469
"33599","335991","US",0.183627561249939
"335","335991","US",0.0201102179187129
"3359","335999","US",0.180929466337192
"335","335999","US",0.089406119290278
"33599","335999","US",0.816372438750061
"336","336111","US",0.0315925809625125
"33611","336111","US",0.0934610703248235
"3361","336111","US",0.0847176932155869
"336","336112","US",0.306436727419177
"33611","336112","US",0.906538929675176
"3361","336112","US",0.821731301228313
"3361","336120","US",0.0935510055560998
"336","336120","US",0.0348866642253163
"3362","336211","US",0.270105785930615
"33621","336211","US",0.270105785930615
"336","336211","US",0.0163686450592665
"3362","336212","US",0.218160157315305
"33621","336212","US",0.218160157315305
"336","336212","US",0.01322069488021
"3362","336213","US",0.109690106073002
"33621","336213","US",0.109690106073002
"336","336213","US",0.00664731563093394
"3362","336214","US",0.402043950681078
"33621","336214","US",0.402043950681078
"336","336214","US",0.0243642123557262
"336","336310","US",0.0338402469649115
"3363","336310","US",0.135145744388902
"3363","336320","US",0.100900763199672
"336","336320","US",0.0252653663721679
"3363","336350","US",0.173100772231621
"336","336350","US",0.0433441164471916
"3363","336360","US",0.107907471158556
"336","336360","US",0.0270198332169198
"336","336370","US",0.0385747849103674
"3363","336370","US",0.15405378178117
"3363","336390","US",0.226052308878753
"336","336390","US",0.0566030842779069
"3363","3363A0","US",0.102839158361327
"336","3363A0","US",0.0257507369717572
"3364","336411","US",0.437473323279174
"33641","336411","US",0.437473323279174
"336","336411","US",0.106984204579359
"3364","336412","US",0.253076715135304
"33641","336412","US",0.253076715135304
"336","336412","US",0.0618899704863361
"3364","336413","US",0.14792775232621
"33641","336413","US",0.14792775232621
"336","336413","US",0.0361757667855158
"3364","336414","US",0.0839000654468884
"33641","336414","US",0.0839000654468884
"336","336414","US",0.0205177808299489
"3364","33641A","US",0.0776221438124235
"33641","33641A","US",0.0776221438124235
"336","33641A","US",0.018982513610818
"336","336500","US",0.0102432332988587
"336","336611","US",0.0273173184231196
"3366","336611","US",0.662217442645074
"33661","336611","US",0.662217442645074
"3366","336612","US",0.337782557354926
"33661","336612","US",0.337782557354926
"336","336612","US",0.0139339635032623
"336","336991","US",0.00520599110849773
"33699","336991","US",0.259776900039064
"3369","336991","US",0.259776900039064
"33699","336992","US",0.284647771170624
"3369","336992","US",0.284647771170624
"336","336992","US",0.00570440930485014
"3369","336999","US",0.455575328790312
"336","336999","US",0.0091298383750697
"33699","336999","US",0.455575328790312
"337","337110","US",0.232095221006041
"3371","337110","US",0.425650476065113
"337","337121","US",0.159782283629404
"3371","337121","US",0.293032337326138
"33712","337121","US",0.510198624904507
"337","337122","US",0.0484598361146002
"3371","337122","US",0.0888728006669299
"33712","337122","US",0.154736440030558
"337","337127","US",0.0616065554159938
"3371","337127","US",0.112983195120881
"33712","337127","US",0.196715049656226
"337","33712N","US",0.0433279502362581
"3371","33712N","US",0.0794611908209381
"33712","33712N","US",0.138349885408709
"337","337215","US",0.11040133979305
"33721","337215","US",0.339526157015672
"3372","337215","US",0.339526157015672
"33721","33721A","US",0.660473842984328
"3372","33721A","US",0.660473842984328
"337","33721A","US",0.214761648423949
"337","337900","US",0.129565165380705
"339","339112","US",0.248041686145286
"33911","339112","US",0.423208987889694
"3391","339112","US",0.423208987889694
"339","339113","US",0.215488637788901
"33911","339113","US",0.367666942269345
"3391","339113","US",0.367666942269345
"339","339114","US",0.0336647549114625
"33911","339114","US",0.0574388405233208
"3391","339114","US",0.0574388405233208
"33911","339115","US",0.0841982393852439
"3391","339115","US",0.0841982393852439
"339","339115","US",0.0493483689269466
"33911","339116","US",0.0674869899323963
"339","339116","US",0.0395539491237472
"3391","339116","US",0.0674869899323963
"339","339910","US",0.0517200095777796
"3399","339910","US",0.12495695651575
"3399","339920","US",0.153648021377116
"339","339920","US",0.0635953160097146
"3399","339930","US",0.0218178812964009
"339","339930","US",0.00903047786278691
"339","339940","US",0.017154487303741
"3399","339940","US",0.0414457101141858
"339","339950","US",0.0876024765401412
"3399","339950","US",0.21164997727304
"339","339990","US",0.184799835809493
"3399","339990","US",0.446481453423507
"423","423100","US",0.142683446045595
"423","423400","US",0.171423404377427
"423","423600","US",0.224854621870049
"423","423800","US",0.182883485284677
"423","423A00","US",0.278155042422253
"424","424200","US",0.258571914381891
"424","424400","US",0.197299832594878
"424","424700","US",0.169859520981497
"424","424A00","US",0.374268732041735
"511","511110","US",0.0393745710579703
"5111","511110","US",0.23500956463389
"5111","511120","US",0.291185513836169
"511","511120","US",0.0487865450219232
"5111","511130","US",0.380912796578766
"511","511130","US",0.0638198619666646
"5111","5111A0","US",0.0928921249511753
"511","5111A0","US",0.0155635689990486
"511","511200","US",0.832455452954393
"512","512100","US",0.847401119882867
"512","512200","US",0.152598880117133
"515","515100","US",0.513980681240468
"515","515200","US",0.486019318759532
"517","517110","US",0.47396344394992
"51731","517110","US",0.516395438776526
"5173","517110","US",0.516395438776526
"51731","517210","US",0.483604561223474
"5173","517210","US",0.483604561223474
"517","517210","US",0.443866978938519
"517","517A00","US",0.0821695771115603
"519","519130","US",0.968086254144759
"5191","519130","US",0.968086254144759
"519","5191A0","US",0.0319137458552409
"5191","5191A0","US",0.0319137458552409
"522","522A00","US",0.294573203101276
"523","523900","US",0.621496156656261
"523","523A00","US",0.378503843343739
"524","524113","US",0.083179886760299
"52411","524113","US",0.135041157293283
"5241","524113","US",0.135041157293283
"52411","5241XX","US",0.864958842706717
"5241","5241XX","US",0.864958842706717
"524","5241XX","US",0.532779635710682
"524","524200","US",0.384040477529019
"522","52A000","US",0.705426796898724
"531","531HSO","US",0.45604180674545
"53111","531HSO","US",0.759139744272578
"5311","531HSO","US",0.45604180674545
"531110","531HSO","US",0.759139744272578
"531","531HST","US",0.144693183335247
"531110","531HST","US",0.240860255727422
"53111","531HST","US",0.240860255727422
"5311","531HST","US",0.144693183335247
"531","531ORE","US",0.399265009919302
"5311","531ORE","US",0.399265009919302
"532","532100","US",0.36072795551383
"532","532400","US",0.501187982956597
"532","532A00","US",0.138084061529573
"541","541100","US",0.135401863759084
"541","541200","US",0.0728130842454428
"541","541300","US",0.139460572564706
"541","541400","US",0.0180315914720686
"541","541511","US",0.0825254606217244
"54151","541511","US",0.383255870324386
"5415","541511","US",0.383255870324386
"5415","541512","US",0.515308926613546
"541","541512","US",0.110960091740474
"54151","541512","US",0.515308926613546
"5415","54151A","US",0.101435203062067
"54151","54151A","US",0.101435203062067
"541","54151A","US",0.0218417707440986
"5416","541610","US",0.819895617744983
"541","541610","US",0.116127017709322
"5416","5416A0","US",0.180104382255017
"541","5416A0","US",0.0255093262300619
"541","541700","US",0.144451191257587
"541","541800","US",0.0611288581630724
"541","541920","US",0.00545702881880498
"5419","541920","US",0.0760570290262687
"541","541940","US",0.0217455755522196
"5419","541940","US",0.303077723406685
"541","5419A0","US",0.0445465671213331
"5419","5419A0","US",0.620865247567046
"561","561100","US",0.074737563101025
"561","561200","US",0.0263606134943409
"561","561300","US",0.374936257781077
"561","561400","US",0.0750234601539469
"561","561500","US",0.0686786577472821
"561","561600","US",0.0632036160319601
"561","561700","US",0.25004601509295
"561","561900","US",0.0670138165974177
"562","562111","US",0.418762015585455
"56211","562111","US",0.614815116189282
"5621","562111","US",0.614815116189282
"562","562212","US",0.0800177312397282
"56221","562212","US",0.225145989512031
"5622","562212","US",0.225145989512031
"562","562213","US",0.013029437289968
"56221","562213","US",0.0366609438431356
"5622","562213","US",0.0366609438431356
"562","562910","US",0.166879363851836
"5629","562910","US",0.492220429175988
"562","562920","US",0.0589548604817315
"5629","562920","US",0.17389080386292
"562","562HAZ","US",0.149157013222079
"56221","562HAZ","US",0.419683272872787
"5622","562HAZ","US",0.419683272872787
"56211","562HAZ","US",0.218988310786429
"5621","562HAZ","US",0.218988310786429
"56211","562OTH","US",0.166196573024289
"5622","562OTH","US",0.318509793772047
"562","562OTH","US",0.113199578329202
"56221","562OTH","US",0.318509793772047
"5621","562OTH","US",0.166196573024289
"5629","562OTH","US",0.333888766961092
"611","611100","US",0.148807268285507
"611","611A00","US",0.573474145963079
"611","611B00","US",0.277718585751414
"621","621100","US",0.44356873762635
"621","621200","US",0.116936764958836
"621","621300","US",0.112301979446672
"621","621400","US",0.157481525951359
"621","621500","US",0.0478676006839867
"621","621600","US",0.0885742520160406
"621","621900","US",0.0332691393167553
"623","623A00","US",0.759195150199287
"623","623B00","US",0.240804849800713
"624","624100","US",0.555026645111071
"624","624400","US",0.239153344111131
"624","624A00","US",0.205820010777798
"711","711100","US",0.143346178523815
"711","711200","US",0.260651070581952
"711","711500","US",0.247161699560856
"711","711A00","US",0.348841051333377
"713","713100","US",0.162467617262369
"713","713200","US",0.235493586638303
"713","713900","US",0.602038796099328
"722","722110","US",0.449389876585162
"72251","722110","US",0.449389876585162
"7225","722110","US",0.449389876585162
"722","722211","US",0.423991751749278
"7225","722211","US",0.423991751749278
"72251","722211","US",0.423991751749278
"7225","722A00","US",0.12661837166556
"722","722A00","US",0.12661837166556
"72251","722A00","US",0.12661837166556
"811","811100","US",0.638954650360465
"811","811200","US",0.0770866544528778
"811","811300","US",0.173192914416236
"811","811400","US",0.11076578077042
"812","812100","US",0.365088957334269
"812","812200","US",0.091030189611031
"812","812300","US",0.124075662468972
"812","812900","US",0.419805190585728
"813","813100","US",0.330900765341411
"813","813A00","US",0.275240598383495
"813","813B00","US",0.393858636275094
"923","GSLGE","US",0.377107021268954
"923110","GSLGE","US",0.703389118745138
"9231","GSLGE","US",0.377107021268954
"92311","GSLGE","US",0.703389118745138
"9231","GSLGH","US",0.117803696510674
"923","GSLGH","US",0.117803696510674
"923120","GSLGH","US",0.425552535802151
"92312","GSLGH","US",0.425552535802151
"921","GSLGO","US",0.685161453283855
"926120","GSLGO","US",0.685161453283855
"9211","GSLGO","US",0.685161453283855
"926130","GSLGO","US",0.685161453283855
"92111","GSLGO","US",0.685161453283855
"92614","GSLGO","US",0.685161453283855
"921110","GSLGO","US",0.685161453283855
"926140","GSLGO","US",0.685161453283855
"92112","GSLGO","US",0.685161453283855
"92615","GSLGO","US",0.685161453283855
"921120","GSLGO","US",0.685161453283855
"926150","GSLGO","US",0.685161453283855
"92113","GSLGO","US",0.685161453283855
"922190","GSLGO","US",0.685161453283855
"921130","GSLGO","US",0.685161453283855
"92215","GSLGO","US",0.685161453283855
"92114","GSLGO","US",0.685161453283855
"922150","GSLGO","US",0.685161453283855
"921140","GSLGO","US",0.685161453283855
"92216","GSLGO","US",0.777304393265137
"92119","GSLGO","US",0.685161453283855
"922160","GSLGO","US",0.572735289394844
"921190","GSLGO","US",0.685161453283855
"92611","GSLGO","US",0.685161453283855
"922","GSLGO","US",0.572735289394844
"926110","GSLGO","US",0.685161453283855
"922120","GSLGO","US",0.570154866406694
"9221","GSLGO","US",0.570154866406694
"924110","GSLGO","US",0.685161453283855
"92512","GSLGO","US",0.685161453283855
"925120","GSLGO","US",0.685161453283855
"92211","GSLGO","US",0.685161453283855
"926","GSLGO","US",0.685161453283855
"922110","GSLGO","US",0.685161453283855
"9231","GSLGO","US",0.34606770664421
"92212","GSLGO","US",0.570154866406694
"9251","GSLGO","US",0.685161453283855
"9241","GSLGO","US",0.685161453283855
"922140","GSLGO","US",0.570154866406694
"92411","GSLGO","US",0.685161453283855
"925110","GSLGO","US",0.685161453283855
"922130","GSLGO","US",0.685161453283855
"923130","GSLGO","US",0.685161453283855
"92213","GSLGO","US",0.685161453283855
"92313","GSLGO","US",0.685161453283855
"92613","GSLGO","US",0.685161453283855
"924120","GSLGO","US",0.685161453283855
"92214","GSLGO","US",0.570154866406694
"924","GSLGO","US",0.685161453283855
"9261","GSLGO","US",0.685161453283855
"92219","GSLGO","US",0.685161453283855
"92511","GSLGO","US",0.685161453283855
"923","GSLGO","US",0.34606770664421
"92412","GSLGO","US",0.685161453283855
"925","GSLGO","US",0.685161453283855
"92212","S00102","US",0.0045054373912886
"922120","S00102","US",0.0045054373912886
"9221","S00102","US",0.0045054373912886
"92214","S00102","US",0.0045054373912886
"922140","S00102","US",0.0045054373912886
"922160","S00203","US",0.164087111658388
"9221","S00203","US",0.163347827450094
"922120","S00203","US",0.163347827450094
"922","S00203","US",0.164087111658388
"92214","S00203","US",0.163347827450094
"92216","S00203","US",0.222695606734863
"92212","S00203","US",0.163347827450094
"922140","S00203","US",0.163347827450094
"928","S00500","US",0.582556042674119
"9281","S00500","US",0.582556042674119
"922120","S00600","US",0.261991868751924
"923","S00600","US",0.159021575576163
"92311","S00600","US",0.296610881254862
"921190","S00600","US",0.314838546716145
"921","S00600","US",0.314838546716145
"921130","S00600","US",0.314838546716145
"926120","S00600","US",0.314838546716145
"924","S00600","US",0.314838546716145
"921140","S00600","US",0.314838546716145
"92219","S00600","US",0.314838546716145
"92113","S00600","US",0.314838546716145
"92411","S00600","US",0.314838546716145
"922160","S00600","US",0.263177598946768
"92512","S00600","US",0.314838546716145
"92613","S00600","US",0.314838546716145
"92114","S00600","US",0.314838546716145
"922190","S00600","US",0.314838546716145
"92211","S00600","US",0.314838546716145
"926","S00600","US",0.314838546716145
"92119","S00600","US",0.314838546716145
"9231","S00600","US",0.159021575576163
"926140","S00600","US",0.314838546716145
"92611","S00600","US",0.314838546716145
"92511","S00600","US",0.314838546716145
"923110","S00600","US",0.296610881254862
"926150","S00600","US",0.314838546716145
"92312","S00600","US",0.574447464197849
"924110","S00600","US",0.314838546716145
"9221","S00600","US",0.261991868751924
"92213","S00600","US",0.314838546716145
"92313","S00600","US",0.314838546716145
"922130","S00600","US",0.314838546716145
"923130","S00600","US",0.314838546716145
"921110","S00600","US",0.314838546716145
"9261","S00600","US",0.314838546716145
"92214","S00600","US",0.261991868751924
"92212","S00600","US",0.261991868751924
"921120","S00600","US",0.314838546716145
"922","S00600","US",0.263177598946768
"922140","S00600","US",0.261991868751924
"924120","S00600","US",0.314838546716145
"92215","S00600","US",0.314838546716145
"92412","S00600","US",0.314838546716145
"922150","S00600","US",0.314838546716145
"9251","S00600","US",0.314838546716145
"92111","S00600","US",0.314838546716145
"925","S00600","US",0.314838546716145
"926110","S00600","US",0.314838546716145
"925110","S00600","US",0.314838546716145
"9241","S00600","US",0.314838546716145
"92615","S00600","US",0.314838546716145
"923120","S00600","US",0.574447464197849
"925120","S00600","US",0.314838546716145
"926130","S00600","US",0.314838546716145
"928","S00600","US",0.417443957325881
"922110","S00600","US",0.314838546716145
"92614","S00600","US",0.314838546716145
"9211","S00600","US",0.314838546716145
"92112","S00600","US",0.314838546716145
"9281","S00600","US",0.417443957325881
