MetaSources,ActivityProducedBy,IPCC/UNFCCC Category,US GHGI Table Name,Activity Category,  ,Activity Type
EPA_GHGI_T_2_1.carbonate_use,,Industrial Processes and Product Use,Table 2-1:  Recent Trends in U.S. Greenhouse Gas Emissions and Sinks (MMT CO2 Eq.),Process & Fugitive Gases,Industrial Production Processes,Carbonate Use
EPA_GHGI_T_2_1.direct,Abandoned Oil and Gas Wells,Industrial Processes and Product Use,Table 2-1:  Recent Trends in U.S. Greenhouse Gas Emissions and Sinks (MMT CO2 Eq.),Process & Fugitive Gases,Fossil Fuels Production & Distribution,Oil and Gas
EPA_GHGI_T_2_1.direct,Abandoned Underground Coal Mines,Industrial Processes and Product Use,Table 2-1:  Recent Trends in U.S. Greenhouse Gas Emissions and Sinks (MMT CO2 Eq.),Process & Fugitive Gases,Fossil Fuels Production & Distribution,Coal Production & Distribution
EPA_GHGI_T_2_1.direct,Adipic Acid Production,Industrial Processes and Product Use,Table 2-1:  Recent Trends in U.S. Greenhouse Gas Emissions and Sinks (MMT CO2 Eq.),Process & Fugitive Gases,Industrial Production Processes,Chemicals Production
EPA_GHGI_T_2_1.direct,Aluminum Production,Industrial Processes and Product Use,Table 2-1:  Recent Trends in U.S. Greenhouse Gas Emissions and Sinks (MMT CO2 Eq.),Process & Fugitive Gases,Industrial Production Processes,Metals Production
EPA_GHGI_T_2_1.direct,Ammonia Production,Industrial Processes and Product Use,Table 2-1:  Recent Trends in U.S. Greenhouse Gas Emissions and Sinks (MMT CO2 Eq.),Process & Fugitive Gases,Industrial Production Processes,Chemicals Production
EPA_GHGI_T_2_1.direct,"Caprolactam, Glyoxal, and Glyoxylic Acid Production",Industrial Processes and Product Use,Table 2-1:  Recent Trends in U.S. Greenhouse Gas Emissions and Sinks (MMT CO2 Eq.),Process & Fugitive Gases,Industrial Production Processes,Chemicals Production
EPA_GHGI_T_2_1.direct,Carbide Production and Consumption,Industrial Processes and Product Use,Table 2-1:  Recent Trends in U.S. Greenhouse Gas Emissions and Sinks (MMT CO2 Eq.),Process & Fugitive Gases,Industrial Production Processes,Ceramics Production and Consumption
EPA_GHGI_T_2_1.direct,Cement Production,Industrial Processes and Product Use,Table 2-1:  Recent Trends in U.S. Greenhouse Gas Emissions and Sinks (MMT CO2 Eq.),Process & Fugitive Gases,Industrial Production Processes,Cement Production
EPA_GHGI_T_2_1.direct,Coal Mining,Industrial Processes and Product Use,Table 2-1:  Recent Trends in U.S. Greenhouse Gas Emissions and Sinks (MMT CO2 Eq.),Process & Fugitive Gases,Fossil Fuels Production & Distribution,Coal Production & Distribution
EPA_GHGI_T_2_1.direct,Composting,Waste,Table 2-1:  Recent Trends in U.S. Greenhouse Gas Emissions and Sinks (MMT CO2 Eq.),Process & Fugitive Gases,Waste,Composting
EPA_GHGI_T_2_1.direct,Ferroalloy Production,Industrial Processes and Product Use,Table 2-1:  Recent Trends in U.S. Greenhouse Gas Emissions and Sinks (MMT CO2 Eq.),Process & Fugitive Gases,Industrial Production Processes,Metals Production
EPA_GHGI_T_2_1.direct,Glass Production,Industrial Processes and Product Use,Table 2-1:  Recent Trends in U.S. Greenhouse Gas Emissions and Sinks (MMT CO2 Eq.),Process & Fugitive Gases,Industrial Production Processes,Glass Production
EPA_GHGI_T_2_1.direct,Incineration of Waste,Energy,Table 2-1:  Recent Trends in U.S. Greenhouse Gas Emissions and Sinks (MMT CO2 Eq.),Electric Power Generation,Waste,Incineration of Waste
EPA_GHGI_T_2_1.direct,Iron and Steel Production & Metallurgical Coke Production,Industrial Processes and Product Use,Table 2-1:  Recent Trends in U.S. Greenhouse Gas Emissions and Sinks (MMT CO2 Eq.),Process & Fugitive Gases,Industrial Production Processes,Metals Production
EPA_GHGI_T_2_1.direct,Landfills,Waste,Table 2-1:  Recent Trends in U.S. Greenhouse Gas Emissions and Sinks (MMT CO2 Eq.),Process & Fugitive Gases,Waste,Landfills
EPA_GHGI_T_2_1.direct,Lime Production,Industrial Processes and Product Use,Table 2-1:  Recent Trends in U.S. Greenhouse Gas Emissions and Sinks (MMT CO2 Eq.),Process & Fugitive Gases,Industrial Production Processes,Chemicals Production
EPA_GHGI_T_2_1.direct,Nitric Acid Production,Industrial Processes and Product Use,Table 2-1:  Recent Trends in U.S. Greenhouse Gas Emissions and Sinks (MMT CO2 Eq.),Process & Fugitive Gases,Industrial Production Processes,Chemicals Production
EPA_GHGI_T_2_1.direct,Phosphoric Acid Production,Industrial Processes and Product Use,Table 2-1:  Recent Trends in U.S. Greenhouse Gas Emissions and Sinks (MMT CO2 Eq.),Process & Fugitive Gases,Industrial Production Processes,Chemicals Production
EPA_GHGI_T_2_1.direct,Rice Cultivation,Agriculture,Table 2-1:  Recent Trends in U.S. Greenhouse Gas Emissions and Sinks (MMT CO2 Eq.),Process & Fugitive Gases,Agricultural Processes,Rice Cultivation
EPA_GHGI_T_2_1.direct,Soda Ash Production,Industrial Processes and Product Use,Table 2-1:  Recent Trends in U.S. Greenhouse Gas Emissions and Sinks (MMT CO2 Eq.),Process & Fugitive Gases,Industrial Production Processes,Chemicals Production
EPA_GHGI_T_2_1.direct,Titanium Dioxide Production,Industrial Processes and Product Use,Table 2-1:  Recent Trends in U.S. Greenhouse Gas Emissions and Sinks (MMT CO2 Eq.),Process & Fugitive Gases,Industrial Production Processes,Metals Production
EPA_GHGI_T_2_1.direct,Wastewater Treatment,Waste,Table 2-1:  Recent Trends in U.S. Greenhouse Gas Emissions and Sinks (MMT CO2 Eq.),Process & Fugitive Gases,Waste,Wastewater Treatment
EPA_GHGI_T_2_1.direct,Zinc Production,Industrial Processes and Product Use,Table 2-1:  Recent Trends in U.S. Greenhouse Gas Emissions and Sinks (MMT CO2 Eq.),Process & Fugitive Gases,Industrial Production Processes,Metals Production
EPA_GHGI_T_2_1.electric_power,,Energy,Table 2-1:  Recent Trends in U.S. Greenhouse Gas Emissions and Sinks (MMT CO2 Eq.),Electric Power Generation,Electric Power Generation,Electric Power Generation
EPA_GHGI_T_2_1.electricity_transmission,Electrical Equipment,Industrial Processes and Product Use,Table 2-1:  Recent Trends in U.S. Greenhouse Gas Emissions and Sinks (MMT CO2 Eq.),Process & Fugitive Gases,Electric Power,Electricity Transmission
EPA_GHGI_T_2_1.lead,Lead Production,Industrial Processes and Product Use,Table 2-1:  Recent Trends in U.S. Greenhouse Gas Emissions and Sinks (MMT CO2 Eq.),Process & Fugitive Gases,Industrial Production Processes,Metals Production
EPA_GHGI_T_2_1.liming,,Agriculture,Table 2-1:  Recent Trends in U.S. Greenhouse Gas Emissions and Sinks (MMT CO2 Eq.),Process & Fugitive Gases,Agricultural Processes,Liming
EPA_GHGI_T_2_1.nitrous_oxide_use,,Industrial Processes and Product Use,Table 2-1:  Recent Trends in U.S. Greenhouse Gas Emissions and Sinks (MMT CO2 Eq.),Process & Fugitive Gases,Industrial Production Processes,Nitrous Oxide Use
EPA_GHGI_T_2_1.urea,,Industrial Processes and Product Use,Table 2-1:  Recent Trends in U.S. Greenhouse Gas Emissions and Sinks (MMT CO2 Eq.),Process & Fugitive Gases,Industrial Production Processes,Urea Consumption
EPA_GHGI_T_2_1.urea_fertilizer,,Agriculture,Table 2-1:  Recent Trends in U.S. Greenhouse Gas Emissions and Sinks (MMT CO2 Eq.),Process & Fugitive Gases,Agricultural Processes,Urea Consumption
EPA_GHGI_T_3_13.direct_ng,Buses,Energy,Table 3-13:  CO2 Emissions from Fossil Fuel Combustion in Transportation End-Use Sector,Fuels Combustion,Mobile Combustion,Buses
EPA_GHGI_T_3_13.direct_ng,Pipeline Natural Gas,Energy,Table 3-13:  CO2 Emissions from Fossil Fuel Combustion in Transportation End-Use Sector,Fuels Combustion,Mobile Combustion,Pipelines
EPA_GHGI_T_3_13.direct_petroleum,Buses,Energy,Table 3-13:  CO2 Emissions from Fossil Fuel Combustion in Transportation End-Use Sector,Fuels Combustion,Mobile Combustion,Buses
EPA_GHGI_T_3_13.direct_petroleum,Commercial Aircraft,Energy,Table 3-13:  CO2 Emissions from Fossil Fuel Combustion in Transportation End-Use Sector,Fuels Combustion,Mobile Combustion,Commercial Aircraft
EPA_GHGI_T_3_13.direct_petroleum,General Aviation Aircraft,Energy,Table 3-13:  CO2 Emissions from Fossil Fuel Combustion in Transportation End-Use Sector,Fuels Combustion,Mobile Combustion,General Aviation Aircraft
EPA_GHGI_T_3_13.direct_petroleum,Medium- and Heavy-Duty Trucks,Energy,Table 3-13:  CO2 Emissions from Fossil Fuel Combustion in Transportation End-Use Sector,Fuels Combustion,Mobile Combustion,Medium- and Heavy-Duty Trucks
EPA_GHGI_T_3_13.direct_petroleum,Military Aircraft,Energy,Table 3-13:  CO2 Emissions from Fossil Fuel Combustion in Transportation End-Use Sector,Fuels Combustion,Mobile Combustion,Military Aircraft
EPA_GHGI_T_3_13.direct_petroleum,Motorcycles,Energy,Table 3-13:  CO2 Emissions from Fossil Fuel Combustion in Transportation End-Use Sector,Fuels Combustion,Mobile Combustion,Motorcycles
EPA_GHGI_T_3_13.direct_petroleum,Rail,Energy,Table 3-13:  CO2 Emissions from Fossil Fuel Combustion in Transportation End-Use Sector,Fuels Combustion,Mobile Combustion,Rail
EPA_GHGI_T_3_13.direct_petroleum,Recreational Boats,Energy,Table 3-13:  CO2 Emissions from Fossil Fuel Combustion in Transportation End-Use Sector,Fuels Combustion,Mobile Combustion,Recreational Boats
EPA_GHGI_T_3_13.direct_petroleum,Ships and Non-Recreational Boats,Energy,Table 3-13:  CO2 Emissions from Fossil Fuel Combustion in Transportation End-Use Sector,Fuels Combustion,Mobile Combustion,Ships and Non-Recreational Boats
EPA_GHGI_T_3_13.petroleum_fuels,,Energy,Table 3-13:  CO2 Emissions from Fossil Fuel Combustion in Transportation End-Use Sector,Fuels Combustion,Mobile Combustion,Petroleum Fuels
EPA_GHGI_T_3_14.construction_and_mining,,Energy,Table 3-14:  CH4 Emissions from Mobile Combustion (MMT CO2 Eq.),Fuels Combustion,Mobile Combustion,Construction And Mining
EPA_GHGI_T_3_14.direct_non_road,Rail,Energy,Table 3-14:  CH4 Emissions from Mobile Combustion (MMT CO2 Eq.),Fuels Combustion,Mobile Combustion,Rail
EPA_GHGI_T_3_14.direct_non_road,Ships and Boats,Energy,Table 3-14:  CH4 Emissions from Mobile Combustion (MMT CO2 Eq.),Fuels Combustion,Mobile Combustion,Ships and Boats
EPA_GHGI_T_3_14.farm_non_road,,Energy,Table 3-14:  CH4 Emissions from Mobile Combustion (MMT CO2 Eq.),Fuels Combustion,Mobile Combustion,Other Non-Road Vehicles
EPA_GHGI_T_3_14.other_non_road,,Energy,Table 3-14:  CH4 Emissions from Mobile Combustion (MMT CO2 Eq.),Fuels Combustion,Mobile Combustion,Other Non-Road Vehicles
EPA_GHGI_T_3_14.petroleum_fuels_diesel,,Energy,Table 3-14:  CH4 Emissions from Mobile Combustion (MMT CO2 Eq.),Fuels Combustion,Mobile Combustion,Petroleum Fuels
EPA_GHGI_T_3_14.petroleum_fuels_gasoline,,Energy,Table 3-14:  CH4 Emissions from Mobile Combustion (MMT CO2 Eq.),Fuels Combustion,Mobile Combustion,Petroleum Fuels
EPA_GHGI_T_3_15.alt_fuel_on_road,,Energy,Table 3-15:  N2O Emissions from Mobile Combustion (MMT CO2 Eq.),Fuels Combustion,Mobile Combustion,Alternative Fuel On Road
EPA_GHGI_T_3_15.construction_and_mining,,Energy,Table 3-15:  N2O Emissions from Mobile Combustion (MMT CO2 Eq.),Fuels Combustion,Mobile Combustion,Construction And Mining
EPA_GHGI_T_3_15.direct_gasoline,Motorcycles,Energy,Table 3-15:  N2O Emissions from Mobile Combustion (MMT CO2 Eq.),Fuels Combustion,Mobile Combustion,Motorcycles
EPA_GHGI_T_3_15.direct_non_road,General Aviation Aircraft,Energy,Table 3-15:  N2O Emissions from Mobile Combustion (MMT CO2 Eq.),Fuels Combustion,Mobile Combustion,Aircraft
EPA_GHGI_T_3_15.direct_non_road,Ships and Boats,Energy,Table 3-15:  N2O Emissions from Mobile Combustion (MMT CO2 Eq.),Fuels Combustion,Mobile Combustion,Ships and Boats
EPA_GHGI_T_3_15.farm_non_road,,Energy,Table 3-15:  N2O Emissions from Mobile Combustion (MMT CO2 Eq.),Fuels Combustion,Mobile Combustion,Other Non-Road Vehicles
EPA_GHGI_T_3_15.other_non_road,,Energy,Table 3-15:  N2O Emissions from Mobile Combustion (MMT CO2 Eq.),Fuels Combustion,Mobile Combustion,Other Non-Road Vehicles
EPA_GHGI_T_3_15.petroleum_fuels_diesel,,Energy,Table 3-15:  N2O Emissions from Mobile Combustion (MMT CO2 Eq.),Fuels Combustion,Mobile Combustion,Petroleum Fuels
EPA_GHGI_T_3_15.petroleum_fuels_gasoline,,Energy,Table 3-15:  N2O Emissions from Mobile Combustion (MMT CO2 Eq.),Fuels Combustion,Mobile Combustion,Petroleum Fuels
EPA_GHGI_T_3_24.coal,Industry Industrial Coking Coal,Energy,"Table 3-24:  2022 Adjusted Non-Energy Use Fossil Fuel Consumption, Storage, and Emissions",Fuels Combustion,Non-Energy Uses of Fossil Fuels,Coal
EPA_GHGI_T_3_24.coal,Industry Industrial Other Coal,Energy,"Table 3-24:  2022 Adjusted Non-Energy Use Fossil Fuel Consumption, Storage, and Emissions",Fuels Combustion,Non-Energy Uses of Fossil Fuels,Coal
EPA_GHGI_T_3_24.natural_gas_neu,,Energy,"Table 3-24:  2022 Adjusted Non-Energy Use Fossil Fuel Consumption, Storage, and Emissions",Fuels Combustion,Non-Energy Uses of Fossil Fuels,Consumed Natural Gas
EPA_GHGI_T_3_24.petroleum_neu,,Energy,"Table 3-24:  2022 Adjusted Non-Energy Use Fossil Fuel Consumption, Storage, and Emissions",Fuels Combustion,Non-Energy Uses of Fossil Fuels,Consumed Petroleum Products
EPA_GHGI_T_3_24.transportation_lubricants,,Energy,"Table 3-24:  2022 Adjusted Non-Energy Use Fossil Fuel Consumption, Storage, and Emissions",Fuels Combustion,Non-Energy Uses of Fossil Fuels,Transportation Lubricants
EPA_GHGI_T_3_44,Crude Oil Transportation,Energy,Table 3-44:  CH4 Emissions from Petroleum Systems (MMT CO2 Eq.),Fuels Combustion,Fossil Fuels Production & Distribution,Petroleum Systems
EPA_GHGI_T_3_44,Exploration,Energy,Table 3-44:  CH4 Emissions from Petroleum Systems (MMT CO2 Eq.),Fuels Combustion,Fossil Fuels Production & Distribution,Petroleum Systems
EPA_GHGI_T_3_44,Production,Energy,Table 3-44:  CH4 Emissions from Petroleum Systems (MMT CO2 Eq.),Fuels Combustion,Fossil Fuels Production & Distribution,Petroleum Systems
EPA_GHGI_T_3_44,Refining,Energy,Table 3-44:  CH4 Emissions from Petroleum Systems (MMT CO2 Eq.),Fuels Combustion,Fossil Fuels Production & Distribution,Petroleum Systems
EPA_GHGI_T_3_46,Crude Refining,Energy,Table 3-46:  CO2 Emissions from Petroleum Systems (MMT CO2),Fuels Combustion,Fossil Fuels Production & Distribution,Petroleum Systems
EPA_GHGI_T_3_46,Exploration,Energy,Table 3-46:  CO2 Emissions from Petroleum Systems (MMT CO2),Fuels Combustion,Fossil Fuels Production & Distribution,Petroleum Systems
EPA_GHGI_T_3_46,Production,Energy,Table 3-46:  CO2 Emissions from Petroleum Systems (MMT CO2),Fuels Combustion,Fossil Fuels Production & Distribution,Petroleum Systems
EPA_GHGI_T_3_48,Crude Refining,Energy,Table 3-48:  N2O Emissions from Petroleum Systems (Metric Tons CO2 Eq.),Fuels Combustion,Fossil Fuels Production & Distribution,Petroleum Systems
EPA_GHGI_T_3_48,Exploration,Energy,Table 3-48:  N2O Emissions from Petroleum Systems (Metric Tons CO2 Eq.),Fuels Combustion,Fossil Fuels Production & Distribution,Petroleum Systems
EPA_GHGI_T_3_48,Production,Energy,Table 3-48:  N2O Emissions from Petroleum Systems (Metric Tons CO2 Eq.),Fuels Combustion,Fossil Fuels Production & Distribution,Petroleum Systems
EPA_GHGI_T_3_73,Distribution,Energy,Table 3-73:  CH4 Emissions from Natural Gas Systems (MMT CO2 Eq.),Fuels Combustion,Fossil Fuels Production & Distribution,Natural Gas Systems
EPA_GHGI_T_3_73,Exploration,Energy,Table 3-73:  CH4 Emissions from Natural Gas Systems (MMT CO2 Eq.),Fuels Combustion,Fossil Fuels Production & Distribution,Natural Gas Systems
EPA_GHGI_T_3_73,Post-Meter,Energy,Table 3-73:  CH4 Emissions from Natural Gas Systems (MMT CO2 Eq.),Fuels Combustion,Fossil Fuels Production & Distribution,Natural Gas Systems
EPA_GHGI_T_3_73,Processing,Energy,Table 3-73:  CH4 Emissions from Natural Gas Systems (MMT CO2 Eq.),Fuels Combustion,Fossil Fuels Production & Distribution,Natural Gas Systems
EPA_GHGI_T_3_73,Production,Energy,Table 3-73:  CH4 Emissions from Natural Gas Systems (MMT CO2 Eq.),Fuels Combustion,Fossil Fuels Production & Distribution,Natural Gas Systems
EPA_GHGI_T_3_73,Transmission and Storage,Energy,Table 3-73:  CH4 Emissions from Natural Gas Systems (MMT CO2 Eq.),Fuels Combustion,Fossil Fuels Production & Distribution,Natural Gas Systems
EPA_GHGI_T_3_75,Processing,Energy,Table 3-75:  CO2 Emissions from Natural Gas Systems (MMT),Fuels Combustion,Fossil Fuels Production & Distribution,Natural Gas Systems
EPA_GHGI_T_3_75,Production,Energy,Table 3-75:  CO2 Emissions from Natural Gas Systems (MMT),Fuels Combustion,Fossil Fuels Production & Distribution,Natural Gas Systems
EPA_GHGI_T_3_75,Transmission and Storage,Energy,Table 3-75:  CO2 Emissions from Natural Gas Systems (MMT),Fuels Combustion,Fossil Fuels Production & Distribution,Natural Gas Systems
EPA_GHGI_T_3_77,Exploration,Energy,Table 3-77: N2O Emissions from Natural Gas Systems (Metric Tons CO2 Eq.),Fuels Combustion,Fossil Fuels Production & Distribution,Natural Gas Systems
EPA_GHGI_T_3_77,Processing,Energy,Table 3-77: N2O Emissions from Natural Gas Systems (Metric Tons CO2 Eq.),Fuels Combustion,Fossil Fuels Production & Distribution,Natural Gas Systems
EPA_GHGI_T_3_77,Production,Energy,Table 3-77: N2O Emissions from Natural Gas Systems (Metric Tons CO2 Eq.),Fuels Combustion,Fossil Fuels Production & Distribution,Natural Gas Systems
EPA_GHGI_T_3_77,Transmission and Storage,Energy,Table 3-77: N2O Emissions from Natural Gas Systems (Metric Tons CO2 Eq.),Fuels Combustion,Fossil Fuels Production & Distribution,Natural Gas Systems
EPA_GHGI_T_3_8.coal_manufacturing,,Energy,Table 3-8:  CH4 Emissions from Stationary Combustion (MMT CO2 Eq.),Fuels Combustion,Stationary Combustion,Coal Combustion for Manufacturing Purposes
EPA_GHGI_T_3_8.electric_power,,Energy,Table 3-8:  CH4 Emissions from Stationary Combustion (MMT CO2 Eq.),Electric Power Generation,Stationary Combustion,Electric Power Generation
EPA_GHGI_T_3_8.fuel_oil,,Energy,Table 3-8:  CH4 Emissions from Stationary Combustion (MMT CO2 Eq.),Fuels Combustion,Stationary Combustion,Fuel Oil Combustion
EPA_GHGI_T_3_8.natural_gas_nonmanufacturing,,Energy,Table 3-8:  CH4 Emissions from Stationary Combustion (MMT CO2 Eq.),Fuels Combustion,Stationary Combustion,Natural Gas Combustion for Manufacturing Purposes
EPA_GHGI_T_3_8.ng_manufacturing,,Energy,Table 3-8:  CH4 Emissions from Stationary Combustion (MMT CO2 Eq.),Fuels Combustion,Stationary Combustion,Natural Gas Combustion for Non-Manufacturing Purposes
EPA_GHGI_T_3_8.residential,Fuel Oil Residential,Energy,Table 3-8:  CH4 Emissions from Stationary Combustion (MMT CO2 Eq.),Fuels Combustion,Stationary Combustion,Residential
EPA_GHGI_T_3_8.residential,Natural Gas Residential,Energy,Table 3-8:  CH4 Emissions from Stationary Combustion (MMT CO2 Eq.),Fuels Combustion,Stationary Combustion,Residential
EPA_GHGI_T_3_8.residential,Wood Residential,Energy,Table 3-8:  CH4 Emissions from Stationary Combustion (MMT CO2 Eq.),Fuels Combustion,Stationary Combustion,Residential
EPA_GHGI_T_3_9.coal_manufacturing,,Energy,Table 3-9:  N2O Emissions from Stationary Combustion (MMT CO2 Eq.),Fuels Combustion,Stationary Combustion,Coal Combustion for Manufacturing Purposes
EPA_GHGI_T_3_9.electric_power,,Energy,Table 3-9:  N2O Emissions from Stationary Combustion (MMT CO2 Eq.),Electric Power Generation,Electric Power Generation,Electric Power Generation
EPA_GHGI_T_3_9.fuel_oil,,Energy,Table 3-9:  N2O Emissions from Stationary Combustion (MMT CO2 Eq.),Fuels Combustion,Stationary Combustion,Fuel Oil
EPA_GHGI_T_3_9.natural_gas_nonmanufacturing,,Energy,Table 3-9:  N2O Emissions from Stationary Combustion (MMT CO2 Eq.),Fuels Combustion,Stationary Combustion,Natural Gas Non-Manufacturing
EPA_GHGI_T_3_9.ng_manufacturing,,Energy,Table 3-9:  N2O Emissions from Stationary Combustion (MMT CO2 Eq.),Fuels Combustion,Stationary Combustion,Natural Gas Manufacturing
EPA_GHGI_T_3_9.residential,Fuel Oil Residential,Energy,Table 3-9:  N2O Emissions from Stationary Combustion (MMT CO2 Eq.),Fuels Combustion,Stationary Combustion,Residential
EPA_GHGI_T_3_9.residential,Natural Gas Residential,Energy,Table 3-9:  N2O Emissions from Stationary Combustion (MMT CO2 Eq.),Fuels Combustion,Stationary Combustion,Residential
EPA_GHGI_T_3_9.residential,Wood Residential,Energy,Table 3-9:  N2O Emissions from Stationary Combustion (MMT CO2 Eq.),Fuels Combustion,Stationary Combustion,Residential
EPA_GHGI_T_4_103,Aluminum Production,Industrial Processes and Product Use,Table 4-103:  PFC Emissions from Aluminum Production (MMT CO2 Eq.),Process & Fugitive Gases,Industrial Production Processes,PFCs from aluminum production
EPA_GHGI_T_4_109,,Industrial Processes and Product Use,"Table 4-109: SF6, HFC-134a, FK 5-1-12 and CO2 Emissions from Magnesium Production and Processing (MMT CO2 Eq.)",Process & Fugitive Gases,Industrial Production Processes,Magnesium production
EPA_GHGI_T_4_121,Semiconductors,Industrial Processes and Product Use,"Table 4-121:  PFC, HFC, SF6, NF3, and N2O Emissions from Electronics Manufacture (MMT CO2 Eq.)",Process & Fugitive Gases,Industrial Production Processes,Electronics Manufacturing
EPA_GHGI_T_4_127.air_conditioning,,Industrial Processes and Product Use,"Table 4-127:  Emissions of HFCs, PFCs, and CO2 from ODS Substitutes (MMT CO2 Eq.) by Sector",Process & Fugitive Gases,Product Use,Refrigerant Use
EPA_GHGI_T_4_127.foams,,Industrial Processes and Product Use,"Table 4-127:  Emissions of HFCs, PFCs, and CO2 from ODS Substitutes (MMT CO2 Eq.) by Sector",Process & Fugitive Gases,Product Use,Foams
EPA_GHGI_T_4_127.households,Domestic Refrigeration,Industrial Processes and Product Use,"Table 4-127:  Emissions of HFCs, PFCs, and CO2 from ODS Substitutes (MMT CO2 Eq.) by Sector",Process & Fugitive Gases,Product Use,Residential
EPA_GHGI_T_4_127.households,Residential Stationary Air Conditioning,Industrial Processes and Product Use,"Table 4-127:  Emissions of HFCs, PFCs, and CO2 from ODS Substitutes (MMT CO2 Eq.) by Sector",Process & Fugitive Gases,Product Use,Residential
EPA_GHGI_T_4_127.refrigerants,,Industrial Processes and Product Use,"Table 4-127:  Emissions of HFCs, PFCs, and CO2 from ODS Substitutes (MMT CO2 Eq.) by Sector",Process & Fugitive Gases,Product Use,Refrigerant Use
EPA_GHGI_T_4_135,AWACs,Industrial Processes and Product Use,Table 4-135: SF6 and PFC Emissions from Other Product Use (MMT CO2 Eq.),Process & Fugitive Gases,Product Use,SF6 and PFCs from Other Product Use
EPA_GHGI_T_4_135,Other Military Applications,Industrial Processes and Product Use,Table 4-135: SF6 and PFC Emissions from Other Product Use (MMT CO2 Eq.),Process & Fugitive Gases,Product Use,SF6 and PFCs from Other Product Use
EPA_GHGI_T_4_135,Other Scientific Applications,Industrial Processes and Product Use,Table 4-135: SF6 and PFC Emissions from Other Product Use (MMT CO2 Eq.),Process & Fugitive Gases,Product Use,SF6 and PFCs from Other Product Use
EPA_GHGI_T_4_135,Particle Accelerators,Industrial Processes and Product Use,Table 4-135: SF6 and PFC Emissions from Other Product Use (MMT CO2 Eq.),Process & Fugitive Gases,Product Use,SF6 and PFCs from Other Product Use
EPA_GHGI_T_4_55,Acrylonitrile,Industrial Processes and Product Use,Table 4-55: CO2 and CH4 Emissions from Petrochemical Production (MMT CO2 Eq.),Process & Fugitive Gases,Industrial Production Processes,Petrochemicals Production
EPA_GHGI_T_4_55,Carbon Black,Industrial Processes and Product Use,Table 4-55: CO2 and CH4 Emissions from Petrochemical Production (MMT CO2 Eq.),Process & Fugitive Gases,Industrial Production Processes,Petrochemicals Production
EPA_GHGI_T_4_55,Ethylene,Industrial Processes and Product Use,Table 4-55: CO2 and CH4 Emissions from Petrochemical Production (MMT CO2 Eq.),Process & Fugitive Gases,Industrial Production Processes,Petrochemicals Production
EPA_GHGI_T_4_55,Ethylene Dichloride,Industrial Processes and Product Use,Table 4-55: CO2 and CH4 Emissions from Petrochemical Production (MMT CO2 Eq.),Process & Fugitive Gases,Industrial Production Processes,Petrochemicals Production
EPA_GHGI_T_4_55,Ethylene Oxide,Industrial Processes and Product Use,Table 4-55: CO2 and CH4 Emissions from Petrochemical Production (MMT CO2 Eq.),Process & Fugitive Gases,Industrial Production Processes,Petrochemicals Production
EPA_GHGI_T_4_55,Methanol,Industrial Processes and Product Use,Table 4-55: CO2 and CH4 Emissions from Petrochemical Production (MMT CO2 Eq.),Process & Fugitive Gases,Industrial Production Processes,Petrochemicals Production
EPA_GHGI_T_4_59,HCFC-22 Production,Industrial Processes and Product Use,Table 4-59: HFC-23 Emissions from HCFC-22 Production (MMT CO2 Eq.),Process & Fugitive Gases,Industrial Production Processes,HCFC-22 Production
EPA_GHGI_T_4_63,Fluorochemical Production,Industrial Processes and Product Use,"Table 4-63:  Emissions of HFCs, PFCs, SF6, and NF3 from production of Fluorochemicals Other Than HCFC-22 (MMT CO2 Eq.)",Process & Fugitive Gases,Industrial Production Processes,Production Of Fluorochemicals Other Than HCFC-22
EPA_GHGI_T_4_64,Fluorochemical Production,Industrial Processes and Product Use,"Table 4-64:  Emissions of HFCs, PFCs, SF6, and NF3 from production of Fluorochemicals Other Than HCFC-22 (Metric Tons)",Process & Fugitive Gases,Industrial Production Processes,Production Of Fluorochemicals Other Than HCFC-22
EPA_GHGI_T_5_17.cropland,,Agriculture,Table 5-17:  Direct N2O Emissions from Agricultural Soils by Land Use Type and Nitrogen Input Type (MMT CO2 Eq.),Process & Fugitive Gases,Agricultural Processes,Agricultural Soils - Cropland
EPA_GHGI_T_5_17.fertilizer_use,,Agriculture,Table 5-17:  Direct N2O Emissions from Agricultural Soils by Land Use Type and Nitrogen Input Type (MMT CO2 Eq.),Process & Fugitive Gases,Agricultural Processes,Agricultural Soils - Fertilizer Use
EPA_GHGI_T_5_17.pasture,,Agriculture,Table 5-17:  Direct N2O Emissions from Agricultural Soils by Land Use Type and Nitrogen Input Type (MMT CO2 Eq.),Process & Fugitive Gases,Agricultural Processes,Agricultural Soils - Pasture
EPA_GHGI_T_5_18.fertilizer_use,,Agriculture,Table 5-18:  Indirect N2O Emissions from Agricultural Soils (MMT CO2 Eq.),Process & Fugitive Gases,Agricultural Processes,Agricultural Soils - Fertilizer Use
EPA_GHGI_T_5_18.pasture,,Agriculture,Table 5-18:  Indirect N2O Emissions from Agricultural Soils (MMT CO2 Eq.),Process & Fugitive Gases,Agricultural Processes,Agricultural Soils - Pasture
EPA_GHGI_T_5_28,Maize,Agriculture,Table 5-28: CH4 and N2O Emissions from Field Burning of Agricultural Residues (MMT CO2 Eq.),Process & Fugitive Gases,Agricultural Processes,Field Burning Of Residues
EPA_GHGI_T_5_28,Rice,Agriculture,Table 5-28: CH4 and N2O Emissions from Field Burning of Agricultural Residues (MMT CO2 Eq.),Process & Fugitive Gases,Agricultural Processes,Field Burning Of Residues
EPA_GHGI_T_5_28,Wheat,Agriculture,Table 5-28: CH4 and N2O Emissions from Field Burning of Agricultural Residues (MMT CO2 Eq.),Process & Fugitive Gases,Agricultural Processes,Field Burning Of Residues
EPA_GHGI_T_5_3,American Bison,Agriculture,Table 5-3:  CH4 Emissions from Enteric Fermentation (MMT CO2 Eq.),Process & Fugitive Gases,Agricultural Processes,Enteric Fermentation
EPA_GHGI_T_5_3,Beef Cattle,Agriculture,Table 5-3:  CH4 Emissions from Enteric Fermentation (MMT CO2 Eq.),Process & Fugitive Gases,Agricultural Processes,Enteric Fermentation
EPA_GHGI_T_5_3,Dairy Cattle,Agriculture,Table 5-3:  CH4 Emissions from Enteric Fermentation (MMT CO2 Eq.),Process & Fugitive Gases,Agricultural Processes,Enteric Fermentation
EPA_GHGI_T_5_3,Goats,Agriculture,Table 5-3:  CH4 Emissions from Enteric Fermentation (MMT CO2 Eq.),Process & Fugitive Gases,Agricultural Processes,Enteric Fermentation
EPA_GHGI_T_5_3,Horses,Agriculture,Table 5-3:  CH4 Emissions from Enteric Fermentation (MMT CO2 Eq.),Process & Fugitive Gases,Agricultural Processes,Enteric Fermentation
EPA_GHGI_T_5_3,Mules and Asses,Agriculture,Table 5-3:  CH4 Emissions from Enteric Fermentation (MMT CO2 Eq.),Process & Fugitive Gases,Agricultural Processes,Enteric Fermentation
EPA_GHGI_T_5_3,Sheep,Agriculture,Table 5-3:  CH4 Emissions from Enteric Fermentation (MMT CO2 Eq.),Process & Fugitive Gases,Agricultural Processes,Enteric Fermentation
EPA_GHGI_T_5_3,Swine,Agriculture,Table 5-3:  CH4 Emissions from Enteric Fermentation (MMT CO2 Eq.),Process & Fugitive Gases,Agricultural Processes,Enteric Fermentation
EPA_GHGI_T_5_6,Beef Cattle,Agriculture,Table 5-6:  CH4 and N2O Emissions from Manure Management (MMT CO2 Eq.),Process & Fugitive Gases,Agricultural Processes,Manure
EPA_GHGI_T_5_6,Dairy Cattle,Agriculture,Table 5-6:  CH4 and N2O Emissions from Manure Management (MMT CO2 Eq.),Process & Fugitive Gases,Agricultural Processes,Manure
EPA_GHGI_T_5_6,Horses,Agriculture,Table 5-6:  CH4 and N2O Emissions from Manure Management (MMT CO2 Eq.),Process & Fugitive Gases,Agricultural Processes,Manure
EPA_GHGI_T_5_6,Poultry,Agriculture,Table 5-6:  CH4 and N2O Emissions from Manure Management (MMT CO2 Eq.),Process & Fugitive Gases,Agricultural Processes,Manure
EPA_GHGI_T_5_6,Sheep,Agriculture,Table 5-6:  CH4 and N2O Emissions from Manure Management (MMT CO2 Eq.),Process & Fugitive Gases,Agricultural Processes,Manure
EPA_GHGI_T_5_6,Swine,Agriculture,Table 5-6:  CH4 and N2O Emissions from Manure Management (MMT CO2 Eq.),Process & Fugitive Gases,Agricultural Processes,Manure
EPA_GHGI_T_A_5.coal_manufacturing_co2,,Energy,Table A-5: 2022 Energy Consumption Data and CO2 Emissions from Fossil Fuel Combustion by Fuel Type,Fuels Combustion,Stationary Combustion,Coal Combustion for Manufacturing Purposes
EPA_GHGI_T_A_5.direct_attribution,Total (All Fuels) Residential,Energy,Table A-5: 2022 Energy Consumption Data and CO2 Emissions from Fossil Fuel Combustion by Fuel Type,Fuels Combustion,Stationary Combustion,Residential
EPA_GHGI_T_A_5.natural_gas_manufacturing,,Energy,Table A-5: 2022 Energy Consumption Data and CO2 Emissions from Fossil Fuel Combustion by Fuel Type,Fuels Combustion,Stationary Combustion,Natural Gas Combustion for Manufacturing Purposes
EPA_GHGI_T_A_5.non_manufacturing_coal,,Energy,Table A-5: 2022 Energy Consumption Data and CO2 Emissions from Fossil Fuel Combustion by Fuel Type,Fuels Combustion,Stationary Combustion,Coal Combustion for Non-Manufacturing Purposes
EPA_GHGI_T_A_5.non_manufacturing_natural_gas,,Energy,Table A-5: 2022 Energy Consumption Data and CO2 Emissions from Fossil Fuel Combustion by Fuel Type,Fuels Combustion,Stationary Combustion,Natural Gas Combustion for Non-Manufacturing Purposes
EPA_GHGI_T_A_5.petroleum,,Energy,Table A-5: 2022 Energy Consumption Data and CO2 Emissions from Fossil Fuel Combustion by Fuel Type,Fuels Combustion,Stationary Combustion,Petroleum Combustion
EPA_GHGI_T_A_89,School and Tour Buses,Industrial Processes and Product Use,Table A-89: HFC Emissions from Transportation Sources (MMT CO2 Eq.),Process & Fugitive Gases,Product Use,Refrigerant Use
EPA_GHGI_T_A_89,Heavy-Duty Vehicles,Industrial Processes and Product Use,Table A-89: HFC Emissions from Transportation Sources (MMT CO2 Eq.),Process & Fugitive Gases,Product Use,Refrigerant Use
EPA_GHGI_T_A_89,Light-Duty Trucks - Households,Industrial Processes and Product Use,Table A-89: HFC Emissions from Transportation Sources (MMT CO2 Eq.),Process & Fugitive Gases,Product Use,Refrigerant Use
EPA_GHGI_T_A_89,Passenger Cars - Households,Industrial Processes and Product Use,Table A-89: HFC Emissions from Transportation Sources (MMT CO2 Eq.),Process & Fugitive Gases,Product Use,Refrigerant Use
EPA_GHGI_T_A_89,Medium- and Heavy-Duty Trucks,Industrial Processes and Product Use,Table A-89: HFC Emissions from Transportation Sources (MMT CO2 Eq.),Process & Fugitive Gases,Product Use,Refrigerant Use
EPA_GHGI_T_A_89,Rail,Industrial Processes and Product Use,Table A-89: HFC Emissions from Transportation Sources (MMT CO2 Eq.),Process & Fugitive Gases,Product Use,Refrigerant Use
EPA_GHGI_T_A_89,Ships and Boats,Industrial Processes and Product Use,Table A-89: HFC Emissions from Transportation Sources (MMT CO2 Eq.),Process & Fugitive Gases,Product Use,Refrigerant Use
