"","2022IndustryOutput"
"1111A0/US",39536941640.4882
"1111B0/US",52327664983.6892
"111200/US",12015181684.0328
"111300/US",26295402534.2606
"111400/US",16918141042.6108
"111900/US",19965965402.1535
"112120/US",40998190171.2376
"1121A0/US",97746263191.1848
"112300/US",41751172832.0461
"112A00/US",31446622445.5704
"113000/US",22811235150.0869
"114000/US",7860448031.8875
"115000/US",25584185885.8389
"211000/US",356194400217.157
"212100/US",34054934517.3197
"212230/US",12929209660.4048
"2122A0/US",14627147033.4367
"212310/US",18481042142.5057
"2123A0/US",18474500446.2669
"213111/US",10723715059.1793
"21311A/US",61281008327.6278
"221100/US",409669264704.005
"221200/US",84109744007.4999
"221300/US",14669768101.8222
"233210/US",42623748477.084
"233262/US",72258934423.3182
"230301/US",210349786770.184
"230302/US",59362696061.7497
"2332A0/US",148328166864.718
"233412/US",88444683381.4606
"2334A0/US",259385072874.597
"233230/US",71347843195.7986
"2332D0/US",93235079405.4942
"233240/US",94106521584.527
"233411/US",300405892546.507
"2332C0/US",128251737885.16
"321100/US",39508330174.6768
"321200/US",20629746600.1261
"321910/US",26164117828.5094
"3219A0/US",31181856741.5233
"327100/US",8297756338.47822
"327200/US",24062658502.6762
"327310/US",8344798905.26897
"327320/US",32322891161.2357
"327330/US",6390349269.8283
"327390/US",11689244816.6677
"327400/US",7603270701.42408
"327910/US",3067768394.2684
"327991/US",5104147069.97603
"327992/US",3747660417.65191
"327993/US",8796806269.17532
"327999/US",4402123885.7574
"331110/US",87976677786.0897
"331200/US",21921871606.0941
"331313/US",2225807043.575
"33131B/US",29364300860.5066
"331410/US",14097475607.8136
"331420/US",26285274482.565
"331490/US",11668231405.1669
"331510/US",14504366281.0413
"331520/US",12185325884.7302
"332114/US",5075280390.65818
"33211A/US",9936414490.42869
"332119/US",10888132400.367
"332200/US",8607742350.17586
"332310/US",37944011177.7174
"332320/US",39090284131.928
"332410/US",5186640145.42171
"332420/US",5468132697.3822
"332430/US",13831565873.5928
"332500/US",7931914049.24558
"332600/US",6422535886.23605
"332710/US",38972273364.3071
"332720/US",24133237832.3944
"332800/US",27304076531.0846
"332913/US",4717058692.81036
"33291A/US",23060609721.9992
"332991/US",5103348161.15765
"332996/US",5165278312.00683
"33299A/US",17958371201.3094
"332999/US",15289244151.8126
"333111/US",29112263358.7909
"333112/US",8575872876.84498
"333120/US",33453697430.4039
"333130/US",14844581766.3226
"333242/US",10949482433.227
"33329A/US",25723777274.5686
"333314/US",6378616559.99353
"333316/US",1115174032.51111
"333318/US",18801254730.0144
"333414/US",4420007415.9271
"333415/US",28031350806.517
"333413/US",6523075221.57114
"333511/US",6505237149.90222
"333514/US",7820007091.11655
"333517/US",7833573812.04348
"33351B/US",8388742508.86921
"333611/US",8435276142.41859
"333612/US",2977199646.8201
"333613/US",3376513343.44663
"333618/US",24428719492.2307
"333912/US",6297421831.86006
"333914/US",13793185027.178
"333920/US",31902736616.9767
"333991/US",3473783647.77898
"333993/US",7296013111.69427
"333994/US",2243677649.64466
"33399A/US",21686934633.5342
"33399B/US",9823267104.31339
"334111/US",21252815378.9732
"334112/US",5451671486.15839
"334118/US",11206023004.1423
"334210/US",7323380449.49299
"334220/US",44141934825.7816
"334290/US",4697141670.80515
"334413/US",87065111835.7029
"334418/US",26834324707.4925
"33441A/US",30019589701.6124
"334510/US",40702864147.3121
"334511/US",47968803312.0625
"334512/US",2082912696.12393
"334513/US",11690076443.1642
"334514/US",3795905415.73375
"334515/US",12247641163.8775
"334516/US",16766102511.2915
"334517/US",8725573773.81202
"33451A/US",12481589905.5464
"334300/US",4599417626.02172
"334610/US",1928854984.56677
"335110/US",1014336369.10976
"335120/US",10208354487.0905
"335210/US",3107388204.70719
"335220/US",19212443132.6012
"335311/US",4253250949.93619
"335312/US",10238581761.0767
"335313/US",12737416429.0597
"335314/US",8895968843.28366
"335911/US",7332280793.34147
"335912/US",2400870134.42743
"335920/US",10468232581.6125
"335930/US",11721196384.4628
"335991/US",3313883782.2716
"335999/US",12127845265.3254
"336111/US",36081025755.5456
"336112/US",291878725337.589
"336120/US",30607339904.0678
"336211/US",16591869179.8125
"336212/US",9405707643.67391
"336213/US",7867314435.4317
"336214/US",26541510060.5518
"336310/US",33512519711.9041
"336320/US",24701838327.9531
"336350/US",42534581363.5755
"336360/US",27351179436.6893
"336370/US",34940807683.1477
"336390/US",54735827772.8354
"3363A0/US",24085249837.3357
"336411/US",106399270401.575
"336412/US",54301091233.0292
"336413/US",31315951366.8994
"336414/US",32147128218.4524
"33641A/US",11321358941.8111
"336500/US",8637473697.19849
"336611/US",30349112098.0688
"336612/US",10900970460.9403
"336991/US",7437092807.16492
"336992/US",8210604388.94544
"336999/US",9148224434.16848
"337110/US",15444780194.8841
"337121/US",9650125694.48846
"337122/US",3012063305.25229
"337127/US",3542443258.61322
"33712N/US",3055177230.6501
"337215/US",6029243603.6479
"33721A/US",15258148676.2077
"337900/US",8383704592.87229
"339112/US",43245641556.7655
"339113/US",39445440304.4292
"339114/US",4977775336.11487
"339115/US",8010709398.54522
"339116/US",6357733926.22489
"339910/US",7702451831.88328
"339920/US",10820902670.1662
"339930/US",1430169097.15156
"339940/US",2854068480.31826
"339950/US",11989919650.5689
"339990/US",28607322380.7721
"311111/US",20586931376.8411
"311119/US",28595694457.1559
"311210/US",15807452539.5551
"311221/US",9569931818.81521
"311225/US",10415471496.372
"311224/US",34992418037.5164
"311230/US",9970675597.79928
"311300/US",33781835524.0662
"311410/US",31341278931.4405
"311420/US",28671421881.0538
"311513/US",51148821242.8685
"311514/US",20686497256.3871
"31151A/US",42751883586.0566
"311520/US",8741944189.64606
"311615/US",60986662077.8665
"31161A/US",159832415730.51
"311700/US",12346700056.042
"311810/US",37316129208.7918
"3118A0/US",26312712385.5
"311910/US",35922825662.5741
"311920/US",11100066546.632
"311930/US",9040476135.11883
"311940/US",22765309121.5912
"311990/US",30079021474.9696
"312110/US",37942636218.5045
"312120/US",33261109781.3764
"312130/US",23925138591.1388
"312140/US",21704354825.5067
"312200/US",60892406107.6497
"313100/US",4600357212.90212
"313200/US",10575454886.3292
"313300/US",5385575653.08532
"314110/US",8514785180.94476
"314120/US",3554596346.28009
"314900/US",9656794783.91423
"315000/US",9982470453.3718
"316000/US",8032533609.36806
"322110/US",5349902491.74726
"322120/US",30498460508.2525
"322130/US",26759166019.0328
"322210/US",57538031235.5409
"322220/US",18258252781.7947
"322230/US",3574180644.35912
"322291/US",11823697266.4683
"322299/US",5501373245.39196
"323110/US",67215966529.9867
"323120/US",2907972198.01504
"324110/US",443873461726.341
"324121/US",11938123694.5452
"324122/US",10339159988.2847
"324190/US",14133310586.0169
"325110/US",40965623160.955
"325120/US",8942516892.83233
"325130/US",4617571701.45557
"325180/US",25858889436.1505
"325190/US",96756345563.2642
"325211/US",79815799637.4662
"3252A0/US",11188830523.213
"325411/US",20108916061.006
"325412/US",212280862403.376
"325413/US",21523758137.1221
"325414/US",59233172887.732
"325310/US",15732019442.6746
"325320/US",13689635686.5769
"325510/US",21668352090.7524
"325520/US",15159908781.1483
"325610/US",37482703822.7054
"325620/US",42845459157.5245
"325910/US",3828050315.29997
"3259A0/US",39320182855.2442
"326110/US",37050148465.0158
"326120/US",16694431834.3087
"326130/US",3528892872.72521
"326140/US",6603311921.1981
"326150/US",11365728324.2763
"326160/US",12573192808.1159
"326190/US",98844543529.3313
"326210/US",20282066229.6975
"326220/US",5558643304.56214
"326290/US",15985171339.9847
"423100/US",119664848342.962
"423400/US",232148212642.888
"423600/US",227698259849.641
"423800/US",172606327237.306
"423A00/US",314419476389.336
"424200/US",243455681764.267
"424400/US",190447154443.165
"424700/US",183159468352.503
"424A00/US",422113711562.392
"425000/US",36852896765.4772
"4200ID/US",49449370605.7165
"441000/US",271839048503.721
"445000/US",270352001873.559
"452000/US",252979649520.347
"444000/US",136417732294.013
"446000/US",117861922357.232
"447000/US",120333024489.923
"448000/US",163120846079.016
"454000/US",543924634964.719
"4B0000/US",240560312751.894
"481000/US",272593987291.701
"482000/US",76075202848.4176
"483000/US",39894244352.0777
"484000/US",403825438966.75
"485000/US",100666755445.397
"486000/US",51488423856.0401
"48A000/US",166956792188.478
"492000/US",117884878370.247
"493000/US",146058582337.847
"511110/US",18833004237.0328
"511120/US",25944222156.7662
"511130/US",32019878857.7419
"5111A0/US",9044127713.28694
"511200/US",494275549067.104
"512100/US",156435171509.862
"512200/US",34083669976.2844
"515100/US",125607187916.866
"515200/US",114760374566.111
"517110/US",322701884513.392
"517210/US",330525274805.729
"517A00/US",55736093499.3281
"518200/US",384167776656.263
"519130/US",346904600355.102
"5191A0/US",10519028228.3094
"522A00/US",351616915170.81
"52A000/US",643731251433.094
"523900/US",412899833441.018
"523A00/US",221110080118.396
"524113/US",92967411599.3917
"5241XX/US",561701512624.28
"524200/US",472059913164.144
"525000/US",94850288996.0433
"531HSO/US",1698878727767.88
"531HST/US",505436560056.557
"531ORE/US",1522963069498.88
"532100/US",76076802344.3316
"532400/US",118360093882.251
"532A00/US",29160593915.8523
"533000/US",275341830436.281
"541100/US",351555685767.575
"541511/US",252349786626.623
"541512/US",388736267767.569
"54151A/US",66270911509.2482
"541200/US",213640077688.34
"541300/US",396093594710.564
"541610/US",384164046105.337
"5416A0/US",79864495141.8838
"541700/US",385015469796.447
"541800/US",184146692575.062
"541400/US",53516970814.6048
"541920/US",12943158130.5588
"541940/US",53823390356.1287
"5419A0/US",105575566891.425
"550000/US",760157915912.291
"561300/US",536064582522.015
"561700/US",256754940059.929
"561100/US",86776208019.037
"561200/US",32136813427.7466
"561400/US",89876217878.1601
"561500/US",70176491078.6856
"561600/US",64934199407.2488
"561900/US",71196397117.9282
"562000/US",129425886304.093
"611100/US",52124351819.0587
"611A00/US",215794451266.869
"611B00/US",87878714433.4748
"621100/US",548498978801.981
"621200/US",140070259036.721
"621300/US",127519838937.023
"621400/US",178083572078.239
"621500/US",74802988043.6895
"621600/US",99796715528.3311
"621900/US",38454510377.6473
"622000/US",927082949387.117
"623A00/US",188963306622.267
"623B00/US",55768296979.6968
"624100/US",132434275065.187
"624400/US",62583863704.1948
"624A00/US",54692076311.8742
"711100/US",31946124210.4544
"711200/US",54592240970.9876
"711500/US",60277992700.1757
"711A00/US",71740867716.9387
"712000/US",19823930822.8933
"713100/US",28393234079.3998
"713200/US",38112655148.6558
"713900/US",99436551923.0008
"721000/US",270640455049.739
"722110/US",431617002367.466
"722211/US",392469331564.188
"722A00/US",123719433625.864
"811100/US",142859063281.757
"811200/US",18745826319.731
"811300/US",42219510685.4876
"811400/US",22367652399.6292
"812100/US",76117166760.6548
"812200/US",25638650019.7892
"812300/US",26130733097.0643
"812900/US",77437948482.5446
"813100/US",96404999415.1754
"813A00/US",68970230213.9837
"813B00/US",98835077244.0202
"814000/US",20066751101.2339
"S00500/US",649648364575.608
"S00600/US",495564550931.28
"491000/US",65575156069.5576
"S00102/US",7589031739.72804
"GSLGE/US",1133899275246.42
"GSLGH/US",330276977022.539
"GSLGO/US",976910820563.288
"S00203/US",283896313948.335
"NA",NA
"NA.1",NA
"NA.2",NA
"NA.3",NA
