"","x"
"1111A0/US",3.792e+10
"1111B0/US",5.7261e+10
"111200/US",1.858e+10
"111300/US",2.9732e+10
"111400/US",1.9865e+10
"111900/US",2.4877e+10
"112120/US",3.8108e+10
"1121A0/US",8.7446e+10
"112300/US",4.4164e+10
"112A00/US",3.3236e+10
"113000/US",2.1323e+10
"114000/US",9.237e+09
"115000/US",2.9717e+10
"211000/US",212661999800
"212100/US",27807998600
"212230/US",11687994000
"2122A0/US",1.5628e+10
"212310/US",1.4479e+10
"2123A0/US",1.4879e+10
"213111/US",2.8579e+10
"21311A/US",8.9692e+10
"221100/US",455756932100
"221200/US",80203979800
"221300/US",80974938600
"233210/US",4.7122e+10
"233262/US",1.01181e+11
"230301/US",204424987000
"230302/US",8.4468e+10
"2332A0/US",1.69385e+11
"233412/US",7.9772e+10
"2334A0/US",2.52295e+11
"233230/US",7.0668e+10
"2332D0/US",1.2321e+11
"233240/US",1.23629e+11
"233411/US",2.7047e+11
"2332C0/US",1.43054e+11
"321100/US",35952999600
"321200/US",2.3987e+10
"321910/US",2.1934e+10
"3219A0/US",25209998400
"327100/US",8.35e+09
"327200/US",26223999300
"327310/US",8.07e+09
"327320/US",3.0657e+10
"327330/US",6.1e+09
"327390/US",12476984100
"327400/US",8069998500
"327910/US",4.721e+09
"327991/US",4.946e+09
"327992/US",4.07e+09
"327993/US",6175995200
"327999/US",5.101e+09
"331110/US",101970973600
"331200/US",9.247e+09
"331313/US",8817993500
"33131B/US",2.5546e+10
"331410/US",1.5475e+10
"331420/US",1.9928e+10
"331490/US",1.0555e+10
"331510/US",16489999600
"331520/US",1.2329e+10
"332114/US",6.716e+09
"33211A/US",13040987400
"332119/US",1.0943e+10
"332200/US",8748999900
"332310/US",43301965300
"332320/US",41392829100
"332410/US",6971974800
"332420/US",8053999900
"332430/US",17573999600
"332500/US",8727990700
"332600/US",5642992300
"332710/US",37044999000
"332720/US",29104997800
"332800/US",2.6119e+10
"332913/US",4468997800
"33291A/US",24108986600
"332991/US",5981988600
"332996/US",5.951e+09
"33299A/US",1.3063e+10
"332999/US",13901977200
"333111/US",24691981600
"333112/US",7.392e+09
"333120/US",32073936700
"333130/US",16947976500
"333242/US",1.4327e+10
"33329A/US",2.4421e+10
"333314/US",4.548e+09
"333316/US",1.18e+09
"333318/US",1.8332e+10
"333414/US",4380986500
"333415/US",32780957400
"333413/US",5833961300
"333511/US",6.386e+09
"333514/US",1.0305e+10
"333517/US",7.602e+09
"33351B/US",8.375e+09
"333611/US",12065981600
"333612/US",3028968100
"333613/US",4938932700
"333618/US",26160995100
"333912/US",8.893e+09
"333914/US",17401995600
"333920/US",28496937500
"333991/US",2.999e+09
"333993/US",6.731e+09
"333994/US",2.561e+09
"33399A/US",22638999000
"33399B/US",1.0656e+10
"334111/US",8.156e+09
"334112/US",4.11e+09
"334118/US",8077982200
"334210/US",5.267e+09
"334220/US",25921992000
"334290/US",4616998800
"334413/US",5.0454e+10
"334418/US",1.851e+10
"33441A/US",25317999800
"334510/US",3.1309e+10
"334511/US",4.9918e+10
"334512/US",2852997000
"334513/US",10342979400
"334514/US",5137975900
"334515/US",1.1226e+10
"334516/US",15533996600
"334517/US",8.962e+09
"33451A/US",1.1999e+10
"334300/US",3.096e+09
"334610/US",1920999900
"335110/US",1.378e+09
"335120/US",11519952000
"335210/US",3.31e+09
"335220/US",2.0481e+10
"335311/US",5.197e+09
"335312/US",8961995800
"335313/US",11164999800
"335314/US",10659999800
"335911/US",7435956600
"335912/US",1.979e+09
"335920/US",11262999900
"335930/US",1.298e+10
"335991/US",3300995100
"335999/US",1.0752e+10
"336111/US",3.278e+10
"336112/US",2.15421e+11
"336120/US",2.9381e+10
"336211/US",1.0555e+10
"336212/US",1.0607e+10
"336213/US",6.185e+09
"336214/US",16177988700
"336310/US",38174981100
"336320/US",23960987800
"336350/US",41482975800
"336360/US",3.0525e+10
"336370/US",3.5555e+10
"336390/US",61216939100
"3363A0/US",25340966400
"336411/US",1.34838e+11
"336412/US",4.3359e+10
"336413/US",4.0745e+10
"336414/US",1.7616e+10
"33641A/US",7.324e+09
"336500/US",1.2654e+10
"336611/US",2.488e+10
"336612/US",1.0214e+10
"336991/US",7.23e+09
"336992/US",5.875e+09
"336999/US",7915995300
"337110/US",1.4404e+10
"337121/US",1.1813e+10
"337122/US",3.83e+09
"337127/US",4.646e+09
"33712N/US",3.258e+09
"337215/US",7.302e+09
"33721A/US",1.8713e+10
"337900/US",1.0062e+10
"339112/US",3.9164e+10
"339113/US",28836979400
"339114/US",4.291e+09
"339115/US",6.783e+09
"339116/US",4.864e+09
"339910/US",9.378e+09
"339920/US",9.647e+09
"339930/US",2.207e+09
"339940/US",3166999500
"339950/US",1.0204e+10
"339990/US",25870999400
"311111/US",2.3092e+10
"311119/US",3.0797e+10
"311210/US",1.5154e+10
"311221/US",1.3238e+10
"311225/US",9.941e+09
"311224/US",3.0213e+10
"311230/US",9.528e+09
"311300/US",3.8004e+10
"311410/US",3.2322e+10
"311420/US",3.9659e+10
"311513/US",4.2587e+10
"311514/US",2.157e+10
"31151A/US",4.1307e+10
"311520/US",7.323e+09
"311615/US",6.7786e+10
"31161A/US",1.4908e+11
"311700/US",1.3836e+10
"311810/US",5.2407e+10
"3118A0/US",2.3677e+10
"311910/US",3.9285e+10
"311920/US",1.3326e+10
"311930/US",1.1779e+10
"311940/US",2.2241e+10
"311990/US",3.1957e+10
"312110/US",4.5169e+10
"312120/US",3.2129e+10
"312130/US",2.1348e+10
"312140/US",1.9089e+10
"312200/US",6.1142e+10
"313100/US",3.277e+09
"313200/US",1.057e+10
"313300/US",8.557e+09
"314110/US",9.61e+09
"314120/US",3.94e+09
"314900/US",9852987700
"315000/US",11583990800
"316000/US",4.964e+09
"322110/US",7.437e+09
"322120/US",36451998700
"322130/US",32225992500
"322210/US",62195988300
"322220/US",20796987800
"322230/US",6.218e+09
"322291/US",1.2031e+10
"322299/US",4.544e+09
"323110/US",64487998300
"323120/US",4.41e+09
"324110/US",478154852900
"324121/US",1.317e+10
"324122/US",10567986800
"324190/US",27847999100
"325110/US",63437996600
"325120/US",9707988800
"325130/US",6676999900
"325180/US",33612995000
"325190/US",117602917600
"325211/US",8.8536e+10
"3252A0/US",1.9891e+10
"325411/US",1.1135e+10
"325412/US",1.52158e+11
"325413/US",1.337e+10
"325414/US",3.1287e+10
"325310/US",1.7141e+10
"325320/US",1.5044e+10
"325510/US",27120983700
"325520/US",1.5208e+10
"325610/US",36903923900
"325620/US",3.7955e+10
"325910/US",4.287e+09
"3259A0/US",4.0928e+10
"326110/US",40140995800
"326120/US",17754991800
"326130/US",4.53e+09
"326140/US",8932999200
"326150/US",10597998800
"326160/US",11110997900
"326190/US",98244987200
"326210/US",18838991300
"326220/US",5.93e+09
"326290/US",17344998500
"423100/US",136102966600
"423400/US",206460980500
"423600/US",221881966200
"423800/US",168860914000
"423A00/US",287824919700
"424200/US",199852989800
"424400/US",181058998100
"424700/US",161944968000
"424A00/US",384875969400
"425000/US",47539996000
"4200ID/US",3.8513e+10
"441000/US",301795992900
"445000/US",2.36793e+11
"452000/US",227334999700
"444000/US",142928999900
"446000/US",1.19506e+11
"447000/US",89938999900
"448000/US",1.38822e+11
"454000/US",281213999000
"4B0000/US",230439999400
"481000/US",231559939600
"482000/US",78676994400
"483000/US",53003997900
"484000/US",339144951700
"485000/US",95605984600
"486000/US",50175997500
"48A000/US",155751866800
"492000/US",112654975700
"493000/US",128617973700
"511110/US",1.35e+10
"511120/US",13990999800
"511130/US",3.7041e+10
"5111A0/US",1.1931e+10
"511200/US",233071998300
"512100/US",1.31381e+11
"512200/US",1.8729e+10
"515100/US",8.171e+10
"515200/US",2.25e+10
"517110/US",368088966800
"517210/US",227509970000
"517A00/US",33668962100
"518200/US",248100894200
"519130/US",56922979800
"5191A0/US",1.0598e+10
"522A00/US",346705997800
"52A000/US",633603895400
"523900/US",389234999300
"523A00/US",162722997700
"524113/US",9.0314e+10
"5241XX/US",583841878500
"524200/US",370205985900
"525000/US",1.86494e+11
"531HSO/US",1.553178e+12
"531HST/US",4.67675e+11
"531ORE/US",1291180749000
"532100/US",140524874300
"532400/US",111204924100
"532A00/US",31740989600
"533000/US",158258972000
"541100/US",354240951300
"541511/US",2.71581e+11
"541512/US",197260964300
"54151A/US",60312991000
"541200/US",178661954800
"541300/US",340176925300
"541610/US",203318945200
"5416A0/US",57830986500
"541700/US",616841994500
"541800/US",405549946000
"541400/US",37600997600
"541920/US",12826999500
"541940/US",3.941e+10
"5419A0/US",88666989600
"550000/US",551856698200
"561300/US",384081700100
"561700/US",189377950800
"561100/US",38066973400
"561200/US",33597991100
"561400/US",92392960200
"561500/US",57740984900
"561600/US",70071981900
"561900/US",34723995200
"562111/US",63758602267.63
"562HAZ/US",17058744783.4
"562212/US",10814909150.42
"562213/US",1807911560
"562910/US",19515199462.6
"562920/US",7187170279.7361
"562OTH/US",13034536541.6
"611100/US",5.301e+10
"611A00/US",2.48762e+11
"611B00/US",7.9242e+10
"621100/US",4.92093e+11
"621200/US",1.294e+11
"621300/US",9.8045e+10
"621400/US",1.66141e+11
"621500/US",5.5127e+10
"621600/US",1.07602e+11
"621900/US",3.6283e+10
"622000/US",1.0538e+12
"623A00/US",1.90101e+11
"623B00/US",5.4157e+10
"624100/US",1.12901e+11
"624400/US",5.8404e+10
"624A00/US",5.5383e+10
"711100/US",46513997800
"711200/US",46228997100
"711500/US",39397996600
"711A00/US",32660999800
"712000/US",2.1226e+10
"713100/US",1.809e+10
"713200/US",1.12144e+11
"713900/US",86057997800
"721000/US",236899946600
"722110/US",373559960900
"722211/US",384972990900
"722A00/US",187982997900
"811100/US",194276929400
"811200/US",50434914800
"811300/US",64095830700
"811400/US",55132886200
"812100/US",7.963e+10
"812200/US",2.1338e+10
"812300/US",29200998500
"812900/US",8.1331e+10
"813100/US",1.00202e+11
"813A00/US",5.8458e+10
"813B00/US",95192997500
"814000/US",1.8684e+10
"S00500/US",5.99358e+11
"S00600/US",3.79143e+11
"491000/US",69564987000
"S00102/US",1.234e+09
"GSLGE/US",8.32472e+11
"GSLGH/US",6.8698e+10
"GSLGO/US",8.36043e+11
"S00203/US",107053929800
"S00401/US",1.0762e+10
"S00402/US",3e+06
"S00300/US",7989200
"S00900/US",3.468e+09
