"","1997","1998","1999","2000","2001","2002","2003","2004","2005","2006","2007","2008","2009","2010","2011","2012","2013","2014","2015","2016","2017","2018","2019","2020","2021","2022"
"1111A0/US",82.934,68.309,52.97,54.626,50.764,55.54,67.522,84.257,66.793,63.33,84.256,123.699,109.462,106.277,131.318,146.493,148.794,131.283,101.33,99.435,100,98.283,91.061,96.512,137.493,158.209
"1111B0/US",82.574,70.104,61.175,60.309,63.401,70.115,72.607,76.948,68.358,78.998,107.118,144.769,112.957,113.313,165.63,180.074,172.702,124.767,111.236,101.348,100,105.043,110.235,106.227,155.25,195.883
"111200/US",68.038,70.341,63.444,69.527,75.408,77.846,77.941,71.561,74.252,77.274,87.817,83.657,90.129,83.556,88.329,80.297,92.497,90.817,96.309,90.311,100,95.473,108.38,112.665,106.084,155.187
"111300/US",55.213,55.99,57.684,49.043,54.075,52.397,52.695,60.739,63.289,75.553,76.441,71.868,68.162,71.86,81.432,88.15,92.013,106.474,108.191,101.552,100,100.782,93.476,105.648,102.523,112.301
"111400/US",73.632,67.852,61.334,61.126,61.978,66.042,69.209,74.259,68.826,73.841,87.438,105.914,92.738,96.687,121.36,128.565,136.382,117.547,105.634,98.981,100,102.65,103.027,104.055,132.887,161.501
"111900/US",85.499,81.109,76.615,77.055,77.581,81.748,83.606,86.981,82.374,87.247,100.852,120.151,106.03,101.513,137.219,146.765,145.494,118.752,106.009,99.508,100,104.614,106.931,103.588,137.374,166.889
"112120/US",76.057,88.254,81.977,70.594,84.623,68.99,71.391,90.613,85.555,73.177,105.422,100.989,71.87,92.444,112.336,103.597,114.336,135.605,97.272,92.249,100,92.526,105.99,102.75,105.091,143.66
"1121A0/US",60.636,53.251,55.327,62.307,63.66,58.164,67.083,74.9,76.194,75.014,75.573,75.075,68.734,81.386,96.661,100.788,105.769,127.189,116.867,97.419,100,96.397,96.359,90.814,104.873,120.156
"112300/US",71.517,73.831,69.96,67.376,71.924,59.608,69.212,82.519,77.184,69.199,85.672,92.122,85.446,94.67,92.406,100.08,115.401,123.946,118.311,93.171,100,108.514,90.667,79.54,108.774,182.038
"112A00/US",62.018,55.988,57.462,63.068,65.089,59.157,67.467,75.818,76.787,74.884,77.503,76.988,70.114,82.722,97.045,100.816,106.096,126.161,115.082,97.103,100,97.19,96.455,91.421,105.008,122.578
"113000/US",89.442,86.83,84.391,82.127,76.584,75.48,76.269,81.123,82.983,84.548,91.353,90.943,79.245,89.826,96.005,97.173,98.934,101.291,100.567,99.594,100,103.538,99.983,99.918,109.525,115.185
"114000/US",63.867,61.87,65.841,69.494,60.731,59.633,62.588,66.006,69.84,75.2,78.85,89.911,85.179,93.1,92.829,93.657,97.698,100.159,93.207,97.11,100,103.969,104.569,102.757,121.587,138.244
"115000/US",67.17,68.092,67.823,69.636,64.469,64.341,66.333,68.492,71.989,74.925,77.934,78.284,82.022,85.393,87.579,89.048,92.801,95.932,97.658,97.649,100,99.769,103.368,104.245,103.284,112.708
"211000/US",56.569,42.886,51.507,82.795,79.39,69.444,98.601,117.674,154.589,158.454,168.294,222.717,120.042,154.756,172.184,150.897,161.236,159.756,90.469,80.136,100,115.901,96.204,69.572,126.391,179.635
"212100/US",46.506,46.5,45.242,46.131,47.615,49.664,50.784,56.48,65.777,70.847,74.392,89.086,94.345,102.092,110.931,110.256,104.636,100.027,95.655,92.735,100,104.319,104.732,98.352,111.489,152.254
"212230/US",42.146,32.282,31.679,35.395,31.761,31.338,34.818,51.665,67.389,109.678,116.89,109.838,83.457,113.791,131.053,120.115,112.211,107.32,87.263,80.531,100,105.181,98.939,98.894,141.691,143.141
"2122A0/US",35.129,32.212,30.031,29.729,28.953,32.385,39.016,53.013,70.436,77.848,89.245,100.735,95.418,114.459,132.748,134.091,113.51,106.699,95.408,96.868,100,107.171,113.044,127.785,150.314,145.419
"212310/US",52.918,50.94,50.774,51.246,53.183,54.225,56.226,57.768,67.503,74.078,78.916,85.369,87.447,86.384,87.683,88.589,91.22,92.968,94.028,97.256,100,102.137,107.389,110.33,115.827,123.94
"2123A0/US",47.944,48.748,49.712,49.635,51.312,51.965,52.771,55.597,59.868,64.427,70.74,80.509,91.039,85.72,92.296,95.58,97.59,103.437,96.252,93.268,100,103.62,102.711,100.23,108.932,122.233
"213111/US",43.068,44.44,46.073,48.17,50.127,50.992,52.575,56.104,60.833,65.889,68.923,75.532,75.685,83.89,84.788,91.922,92.118,100.703,102.563,97.671,100,85.939,88.364,84.015,74.606,75.309
"21311A/US",101.272,107.4,91.331,82.563,77.189,77.059,78.738,80.388,87.917,92.409,95.326,98.116,90.068,89.196,94.912,97.59,99.837,99.398,98.845,98.035,100,101.919,103.011,100.177,103.284,114.142
"221100/US",68.2343232327252,66.7431951519368,65.120864265478,66.9929116289333,71.5814003751673,71.9336823301907,75.3176290844623,77.642748657982,85.0727237661291,90.7671823257645,93.2117889855913,99.2137709229292,95.7831223117824,97.6636656235417,99.9630681172854,95.7773141965806,98.1874082592055,104.429950694231,100.044962377059,96.3979544891488,100,104.594608892174,106.271552921187,102.938542485585,123.642349396476,137.612536164146
"221200/US",52.24,49.119,48.863,62.467,74.458,60.546,79.219,87.902,103.195,105.732,105.449,116.576,97.11,98.227,96.89,89.887,98.363,104.818,94.29,93.602,100,100.611,99.794,99.876,121.687,152.085
"221300/US",41.28,42.637,43.567,44.791,46.267,47.787,49.607,52.713,55.924,58.838,61.905,65.465,69.319,74.007,78.216,82.774,86.579,90.016,93.516,96.567,100,103.438,106.748,109.355,115.394,120.352
"233210/US",59.875,62.065,64.705,67.589,70.603,71.916,74.112,78.607,85.139,92.421,96.738,98.682,94.615,90.474,91.182,92.271,94.378,97.306,98.018,98.606,100,104.021,108.65,111.233,116.522,136.426
"233262/US",46.69,48.685,50.621,52.693,54.634,56.298,57.578,60.696,65.483,69.719,76.664,80.226,85.674,85.359,87.842,90.803,92.242,95.364,97.169,97.93,100,104.184,110.315,113.171,117.012,136.188
"230301/US",47.091,48.661,50.105,52.149,54.407,56.209,57.865,62.064,69.297,76.262,80.891,85.789,85.112,85.618,89.108,93.064,94.5,97.004,97.803,97.493,100,101.986,105.881,107.661,113.363,128.342
"230302/US",56.321,57.207,59.03,61.424,63.537,64.662,66.974,71.515,75.948,80.569,82.937,86.148,83.579,85.388,88.904,89.63,91.692,94.216,93.724,94.762,100,103.095,105.011,106.572,118.94,135.473
"2332A0/US",48.882,51.279,53.581,55.75,57.637,59.231,60.882,64.727,71.075,77.3,81.966,85.523,87.462,85.063,86.997,89.661,91.449,93.919,96.029,97.576,100,103.845,108.774,111.069,118.968,147.031
"233412/US",42.484,45.746,47.394,49.648,51.169,52.81,54.942,58.208,62.648,69.193,72.2,73.829,74.093,75.131,74.298,75.637,78.135,81.52,90.189,94.802,100,106.75,108.657,109.894,114.318,123.771
"2334A0/US",55.795,56.869,58.938,61.454,63.93,65.206,67.942,72.944,77.731,82.575,84.468,85.78,82.992,83.879,86.44,87.136,90.025,93.661,94.093,96.133,100,104.617,107.014,109.508,122.06,140.178
"233230/US",53.055,55.23,57.45,59.599,61.679,63.538,64.636,68.024,73.269,78.048,82.328,86.529,88.155,85.927,87.805,89.987,92.104,95.121,96.946,97.529,100,104.672,110.825,114.112,120.243,147.025
"2332D0/US",51.076,52.502,54.576,56.927,59.302,60.419,62.033,65.767,71.32,77.04,81.048,83.267,81.192,79.91,81.8,83.774,86.591,90.379,93.087,96.148,100,104.394,108.603,111.496,119.447,131.021
"233240/US",57.237,57.914,58.098,59.992,61.736,63.178,64.645,69.137,74.233,81.277,85.337,90.9,89.933,93.198,97.171,99.277,100.251,100.055,99.312,98.283,100,99.6,103.012,105.845,110.346,119.471
"233411/US",53.34,54.739,57.228,59.871,62.89,64.628,68.217,74.044,79.641,84.709,85.586,82.929,79.555,78.271,78.831,79.506,83.891,89.585,91.82,95.746,100,104.288,107.642,112.059,125.31,145.901
"2332C0/US",43.663,44.737,46.24,48.45,49.939,51.487,52.511,55.255,61.738,67.835,76.128,82.262,83.63,84.709,88.511,92.786,95.173,96.391,96.55,96.998,100,104.611,106.94,107.85,117.945,129.766
"321100/US",95.555,89.807,92.848,87.982,84.818,83.897,85.078,98.521,97.806,93.902,89.224,86.558,76.959,85.647,85.78,86.079,95.03,108.026,98.744,98.685,100,105.82,95.064,93.036,125.533,123.873
"321200/US",72.105,71.514,77.144,72.981,70.539,69.526,75.652,87.283,86.744,82.2,76.832,77.904,73.75,79.137,76.819,85.072,92.863,91.408,90.185,92.043,100,109.551,102.267,120.142,169.215,188.406
"321910/US",75.4,75.003,76.243,75.983,76.453,76.332,77.374,83.244,83.488,84.25,83.547,83.48,81.813,84.897,85.385,86.553,91.644,98.308,97.096,97.628,100,103.58,103.87,105.398,126.204,144.605
"3219A0/US",67.53,68.563,69.887,70.87,71.678,72.12,73.503,77.611,81.404,84.521,85.46,87.813,86.375,86.853,88.137,90.367,93.626,97.583,98.6,98.213,100,105.595,110.505,112.901,134.021,153.614
"327100/US",67.929,68.685,70.187,71.555,74.573,74.218,74.501,75.962,79.091,83.38,85.347,88.021,90.82,91.418,92.339,94.054,95.955,97.129,98.714,99.432,100,102.16,104.701,107.399,111.726,123.271
"327200/US",78.271,76.881,76.395,78.084,78.6,79.265,79.599,79.17,80.848,82.564,83.953,86.189,86.975,87.889,88.55,89.929,91.455,92.602,94.928,97.709,100,104.012,105.366,106.559,115.135,121.606
"327310/US",57.541,60.082,62.159,61.982,61.906,62.947,62.743,64.755,72.747,82.093,86.325,86.039,84.634,79.874,77.289,77.855,81.297,84.852,90.961,95.661,100,102.522,104.928,106.07,110.281,120.946
"327320/US",52.369,53.866,55.258,56.747,57.976,57.966,58.22,61.251,68.465,76.485,79.82,82.015,83.949,81.894,81.488,83.298,85.714,89.546,93.607,96.955,100,104.2,106.874,109.575,114.085,126.071
"327330/US",58.481,59.718,61.332,63.14,65.339,66.658,67.515,70.231,75.415,80.668,83.678,88.135,89.089,87.454,88.346,89.425,91.237,93.812,96.094,98.063,100,102.082,105.656,109.175,115.077,130.889
"327390/US",56.003,58.007,59.61,61.525,63.26,64.246,64.547,67.924,72.091,77.729,81.283,84.743,84.216,84.637,85.495,86.511,88.351,91.623,94.303,97.348,100,103.571,107.999,110.954,119.838,138.858
"327400/US",55.676,57.547,64.763,61.963,51.338,54.798,55.753,63.072,71.863,84.322,74.071,68.625,73.263,72.272,72.836,79.545,87.001,92.133,93.328,94.314,100,105.304,101.85,103.05,116.171,138.076
"327910/US",71.633,72.197,71.825,72.049,72.233,72.014,72.061,71.828,74.053,77.689,79.726,84.786,88.938,88.61,91.926,94.109,95.194,96.405,96.78,98.528,100,102.371,104.268,105.5,114.206,126.195
"327991/US",82.867,84.077,84.804,85.388,86.892,87.315,87.552,87.599,88.957,90.586,90.626,91.379,90.64,90.292,90.543,90.66,91.138,93.261,95.97,98.776,100,102.391,107.009,110.078,117.141,134.437
"327992/US",50.809,51.378,51.866,52.745,54.056,54.51,55.057,56.253,58.882,63.631,66,69.959,79.775,82.241,85.772,89.585,92.783,96.425,98.629,99.399,100,101.514,105.65,104.642,104.947,111.392
"327993/US",59.389,60.324,66.015,64.6,64.096,64.389,64.607,68.654,71.233,75.003,72.928,70.735,71.37,72.859,82.064,87.328,91.876,97.165,97.1,99.007,100,103.026,102.417,103.97,114.989,135.265
"327999/US",61.16,61.944,62.991,64.133,65.433,66.031,67.955,70.113,73.804,79.812,84.355,86.165,86.802,86.502,88.089,90.048,92.073,94.74,97.118,99.359,100,100.156,101.346,101.26,103.96,112.996
"331110/US",66.47,64.869,59.506,61.044,57.025,58.735,61.281,79.346,86.019,95.298,102.624,118.031,88.745,105.62,118.705,113.994,106.549,109.509,95.392,88.227,100,114.843,109.504,97.09,150.724,162.44
"331200/US",51.372,51.3,46.526,47.821,45.94,46.078,47.531,63.539,77.567,84.156,88.594,101.847,90.413,99.312,110.891,112.998,101.921,105.741,94.045,89.627,100,107.78,104.471,93.046,146.004,162.41
"331314/US",97.818,85.66,81.329,93.377,86.686,82.272,85.984,104.057,113.204,143.447,146.415,151.904,104.796,112.063,122.121,106.236,97.129,98.162,87.857,82.401,100,106.702,90.726,87.288,125.014,134.775
"331313/US",101.293,89.436,85.462,98.388,91.17,87.437,90.921,107.453,118.27,142.864,146.377,153.509,110.901,115.178,125.973,112.29,103.581,105.162,95.907,87.516,100,104.537,93.796,91.334,129.507,139.127
"33131B/US",83.223,79.746,76.824,82.426,81.09,77.309,77.648,80.673,86.848,98.849,104.123,105.402,85.619,96.103,104.655,98.921,96.353,98.897,95.569,91.376,100,111.729,107.784,96.128,111.183,119.619
"331410/US",59.482,48.269,46.525,49.966,46.316,44.718,45.99,59.009,73.811,111.074,124.301,120.223,91.203,110.667,127.799,117.744,109.962,104.147,93.709,92.476,100,101.725,100.773,104.84,120.219,122.181
"331420/US",50.336,43.313,42.498,45.782,43.565,41.927,42.865,55.074,64.793,105.358,112.19,110.74,93.872,112.286,124.281,114.005,108.179,104.472,94.36,86.708,100,105.368,102.313,104.023,131.086,133.813
"331490/US",65.292,63.107,61.596,64.188,63.651,62.826,62.748,70.672,84.496,106.608,119.174,111.911,99.988,109.574,123.76,117.606,111.977,106.623,98.936,96.42,100,106.697,108.688,107.032,118.166,128.251
"331510/US",58.827,59.08,59.398,60.332,60.596,60.894,61.371,65.328,71.471,74.613,77.135,88.284,85.232,89.774,95.587,99.197,99.8,100.576,100.019,99.315,100,102.193,104.49,105.399,113.417,127.158
"331520/US",87.562,85.041,83.762,84.921,84.651,84.457,85.477,87.405,89.335,95.987,97.169,102.016,91.595,97.737,102.76,101.539,100.98,102.307,100.8,97.515,100,102.606,99.487,96.99,100.788,112.082
"332114/US",88.519,91.78,91.472,85.41,78.81,78.819,79.408,95.707,103.909,103.624,101.336,114.898,108.099,114.537,117.263,114.345,110.533,107.46,100.342,96.841,100,102.781,99.103,94.27,144.331,183.988
"33211A/US",81.922,83.421,83.022,82.939,82.618,81.844,81.368,83.154,88.364,91.286,93.773,98.968,97.725,97.69,101.293,101.661,100.892,101.689,100.811,99.921,100,100.624,99.719,99.011,106.101,120.264
"332119/US",67.006,67.14,66.874,67.025,67.135,67.356,67.95,73.917,77.919,80.649,84.991,92.206,90.696,91.256,96.039,95.802,96.207,96.82,96.515,96.841,100,103.515,104.753,104.479,121.515,134.411
"332200/US",72.751,73.577,74.096,75.325,76.305,76.742,77.257,78.55,81.937,83.987,86.019,88.877,91.577,92.407,93.718,95.632,97.164,98.331,99.066,99.635,100,101.186,103.496,104.732,108.404,117.599
"332310/US",63.645,65.365,66.176,67.338,67.165,66.732,66.1,76.22,82.185,85.384,89.107,101.756,94.619,92.036,97.505,99.207,99.197,100.097,98.812,96.275,100,109.983,112.618,110.241,138.565,170.539
"332320/US",63.51,63.937,64.13,65.04,65.29,65.836,66.823,73.638,77.561,80.955,83.473,89.448,88.738,89.584,94.378,95.381,94.814,95.891,97.531,97.794,100,105.602,108.372,109.156,126.122,153.898
"332410/US",57.492,58.385,58.914,59.582,60.241,60.957,61.245,65.943,74.125,79.545,82.212,86.96,86.166,86.745,89.839,92.588,93.888,94.862,97.43,98.809,100,105.329,109.659,111.677,122.996,140.608
"332420/US",71.756,72.871,73.812,74.552,75.203,75.872,76.062,83.422,92.287,96.184,100.818,109.921,109.332,106.712,106.422,108.697,109.071,111.538,110.885,107.531,100,107.78,114.431,114.7,140.786,163.268
"332430/US",71.879,71.765,70.633,71.069,70.751,71.543,72.865,77.324,82.498,84.866,89.324,96.469,104.394,104.947,101.718,101.88,102.099,101.146,100.831,97.134,100,106.881,108.939,108.637,120.445,153.452
"332500/US",68.39,68.834,69.398,70.681,71.677,72.17,72.467,75.117,77.896,80.593,83.529,88.727,89.991,90.444,93.754,95.061,95.034,96.689,98.171,98.21,100,102.083,104.779,106.458,118.761,137.343
"332600/US",66.954,67.176,66.578,66.724,66.837,67.147,67.797,80.162,84.378,85.818,86.627,97.737,95.914,95.337,98.641,100.275,100.33,100.798,100.588,99.415,100,110.475,114.472,113.584,131.746,165.891
"332710/US",72.445,73.165,73.495,74.108,75.186,75.097,75.477,77.945,81.527,83.692,86.147,91.951,94.442,94.35,97.005,98.762,99.004,99.131,99.303,99.504,100,102.273,104.031,104.618,108.055,115.905
"332720/US",72.891,73.24,72.853,73.198,73.332,73.35,73.414,75.415,80.245,84.665,90.413,94.81,93.801,94.399,96.879,97.951,99.053,99.608,99.782,99.621,100,102.159,105.368,107.494,114.646,131.311
"332800/US",69.569,70.009,71.018,71.307,72.975,73.41,73.7,75.537,77.298,81.858,86.071,89.831,89.665,92.336,95.075,95.476,95.251,96.862,97.617,98.2,100,102.537,103.027,104.017,110.861,123.046
"332913/US",68.652,68.998,69.701,71.272,70.667,70.517,71.248,73.218,75.616,78.876,83.752,87.397,87.55,88.01,91.277,93.36,94.967,96.498,98.019,97.97,100,103.318,108.981,111.185,114.407,125.412
"33291A/US",55.887,56.813,57.718,58.537,59.362,59.935,60.778,63.065,67.344,72.073,76.902,80.74,83.48,84.494,88.312,91.772,93.658,95.641,96.819,98.233,100,103.138,106.488,108.374,113.728,127.929
"332991/US",64.514,65.243,65.767,66.575,66.973,67.346,67.969,69.642,73.451,76.731,80.056,84.962,88.378,89.781,92.945,95.741,97.452,98.677,99.12,99.154,100,103.298,107.574,108.859,113.211,122.222
"332996/US",55.354,54.908,53.348,54.986,55.418,55.249,55.785,66.439,73.201,77.086,75.337,80.386,86.817,90.358,95.533,99.625,100.03,101.028,100.668,99.435,100,103.969,105.211,104.913,123.618,140.447
"33299A/US",59.645,60.779,63.412,64.778,64.999,65.591,66.28,68.052,69.598,71.203,74.361,83.972,84.248,86.405,93.136,93.031,99.313,99.804,98.641,97.552,100,100.818,102.473,100.184,104.365,112.225
"332999/US",71.481,71.549,71.454,72.323,72.631,72.521,72.944,75.908,79.796,84.645,86.937,91.139,94.505,95.805,98.29,99.086,98.925,100.09,100.022,98.299,100,104.25,107.734,107.979,121.941,136.048
"333111/US",65.813,66.741,67.614,67.871,69.421,70.464,71.461,73.826,77.529,79.391,81.736,85.21,87.989,89.542,92.251,94.125,95.042,96.899,97.85,98.949,100,101.518,104.346,106.048,111.38,127.316
"333112/US",87.304,87.367,87.704,88.039,88.907,89.541,89.584,90.31,90.728,91.289,93.019,95.397,96.651,96.764,96.796,98.509,98.656,99.226,99.497,99.472,100,101.138,102.759,104.075,106.839,118.328
"333120/US",64.419,65.376,66.514,67.307,67.7,68.638,69.551,72.006,75.979,78.981,81.029,83.818,86.583,86.749,89.53,92.819,95.141,96.573,97.662,98.993,100,100.868,105.62,107.358,112.052,123.943
"333130/US",57.742,58.898,59.43,60.209,62.247,63.133,64.596,67.146,72.636,78.213,83.296,89.788,91.935,91.785,94.3,97.033,98.596,100.027,100.336,100.029,100,101.308,103.909,104.503,106.286,118.313
"333242/US",117.056,117.536,119,118.475,117.912,113.778,112.815,112.871,112.833,113.37,114.205,113.329,109.512,103.889,104.793,103.395,99.697,99.715,99.831,99.998,100,101.227,103.489,105.391,105.356,110.033
"33329A/US",71.808,72.907,73.736,74.752,75.516,75.568,76.031,78.233,80.602,82.948,85.46,88.587,90.015,90.48,92.269,93.88,95.214,96.612,97.526,98.419,100,102.032,104.108,107.389,118.305,133.172
"333314/US",88.555,89.165,88.872,89.551,90.045,89.887,88.659,89.204,91.349,92.465,92.595,95.804,96.623,95.952,97.242,99.623,99.865,99.888,99.839,99.524,100,101.109,101.852,102.76,103.606,108.144
"333316/US",133.156,120.392,116.307,113.26,111.411,105.67,103.136,100.987,99.833,97.651,98.769,99.956,101.364,101.245,103.461,105.029,105.983,107.353,105.892,100.754,100,100.804,103.175,107.702,111.863,118.891
"333318/US",71.099,71.487,72.283,72.832,73.417,74.076,74.705,76.43,79.108,81.044,83.474,86.534,88.807,89.629,90.985,92.382,94.037,96.389,97.803,98.493,100,101.511,103.593,105.196,108.769,120.369
"333414/US",63.368,63.995,64.472,65.151,65.75,66.148,67.136,69.298,72.582,74.954,77.676,82.455,85.882,86.639,88.773,91.406,92.889,94.544,96.858,98.653,100,102.698,106.116,108.193,114.615,133.461
"333415/US",69.35,70.233,70.728,70.539,70.477,70.656,70.859,71.94,75.98,78.539,82.803,86.244,86.871,86.689,89.67,91.812,93.806,95.803,97.353,98.24,100,103.641,107.97,110.067,119.557,146.754
"333413/US",67.693,68.531,69.165,70.195,71.122,71.462,72.751,74.856,79.686,82.151,84.628,88.269,88.227,88.01,90.967,92.683,93.606,96.032,98.509,98.981,100,103.575,107.636,109.746,115.959,130.147
"333511/US",100.003,100.241,100.751,101.071,98.339,96.204,93.809,92.839,95.48,97.681,97.652,97.959,97.485,97.084,97.842,98.779,99.418,99.956,100.08,99.773,100,101.103,101.643,100.005,102.603,109.939
"333514/US",84.512,85.209,86.008,87.15,88.692,88.716,88.815,89.708,91.215,91.776,92.617,94.324,93.809,93.776,96.506,97.939,99.036,99.415,99.412,99.069,100,103.275,107.135,106.133,110.239,119.854
"333517/US",74.304,76.013,76.608,77.348,77.067,75.43,75.278,76.126,78.483,82.048,83.185,85.707,87.306,87.828,89.762,92.977,96.166,97.567,98.855,99.22,100,101.039,103.318,105.317,108.239,113.98
"33351B/US",72.27,73.557,74.476,75.571,77.115,77.469,77.829,79.701,82.74,85.403,86.899,89.251,90.248,90.643,93.424,95.032,95.653,97.121,98.961,99.532,100,102.574,105.106,105.866,107.623,117.327
"333611/US",70.79,70.938,71.949,72.501,73.155,74.212,74.731,75.37,76.131,78.512,82.328,91.184,98.467,97.636,98.953,98.312,100.209,102.858,103.167,102.925,100,100.438,105.114,107.731,109.685,115.475
"333612/US",59.131,60.316,61.489,62.769,64.022,64.671,65.42,67.621,71.385,74.172,78.157,83.652,86.233,86.009,90.623,94.116,97.076,98.094,98.633,98.753,100,103.995,106.673,107.945,112.61,126.143
"333613/US",60.939,62.029,63.333,64.046,65.131,66.071,66.571,69.533,73.101,75.883,78.32,83.577,88.369,88.979,91.758,94.471,97.153,97.541,99.111,99.022,100,102.418,106.192,108.498,114.282,129.836
"333618/US",81.723,82.005,83.253,83.753,83.838,84.211,85.172,86.363,88.4,91.231,92.678,94.605,97.923,97.229,98.772,99.688,99.861,100.498,101.393,98.941,100,101.332,102.13,103.123,104.077,110.485
"333912/US",59.645,60.285,60.913,61.53,62.69,63.735,64.269,65.654,70.033,72.469,75.136,79.577,83.069,83.848,88.602,91.167,94.211,96.491,97.542,98.231,100,103.688,107.379,110.101,114.665,134.315
"333914/US",57.553,58.429,59.328,60.168,61.474,62.647,63.441,65.453,69.165,72.395,76.605,80.543,82.746,83.534,84.638,86.582,88.939,91.397,94.397,97.132,100,102.865,105.773,107.162,111.188,124.122
"333920/US",63.574,64.264,64.954,65.681,66.461,66.664,67.039,69.752,73.916,76.463,78.836,82.837,85.175,85.587,87.581,90.872,92.831,94.84,96.752,98.143,100,102.834,106.097,107.876,115.028,130.947
"333991/US",78.408,79.369,79.887,79.944,81.294,81.532,81.73,82.704,84.239,84.583,86.075,88.27,89.106,89.185,89.588,90.916,92.176,93.656,95.871,98.702,100,102.527,104.379,105.777,112.101,125.174
"333993/US",59.041,60.202,61.373,63.03,64.102,64.752,65.507,66.775,68.423,69.879,70.933,76.725,81.465,83.573,85.48,87.813,89.633,93.048,97.095,97.809,100,102.665,104.084,103.653,107.024,119.988
"333994/US",70.323,71.392,72.129,73.328,74.128,74.617,75.297,76.253,78.39,80.953,83.471,87.536,88.943,89.893,91.611,93.376,94.751,96.308,98.442,99.292,100,101.833,104.595,107.375,113.222,126.643
"33399A/US",65.661,66.405,67.414,68.242,68.852,69.718,69.865,71.758,74.123,76.686,79.805,83.598,86.237,87.346,90.689,93.38,95.415,97.364,98.242,99.658,100,102.367,105.547,106.726,112.211,123.198
"33399B/US",64.773,65.537,66.662,67.296,68.314,68.796,69.818,71.99,75.155,78.297,80.988,85.845,88.467,89.824,92.198,94.833,96.203,97.437,98.222,98.335,100,102.825,105.741,108.149,112.988,126.87
"334111/US",2162.794,1497.748,1067.724,892.014,675.534,550.994,462.41,414.206,338.4,264.381,208.77,167.287,140.886,128.27,119.263,115.382,109.512,106.599,104.553,101.099,100,100.728,98.881,98.869,101.215,107.936
"334112/US",322.582,291.508,263.512,240.12,219.456,185.077,163.178,147.319,138.438,129.353,125.505,118.096,108.457,101.26,100.993,109.244,103.76,102.231,100.079,99.595,100,99.226,98.673,100.829,102.779,107.561
"334118/US",280.84,233.785,194.657,179.98,162.3,151.315,141.7,136.415,129.089,121.548,117.573,115.393,114.077,112.498,112.259,112.45,113.379,114.662,108.981,100.25,100,99.349,94.861,93.358,93.371,95.851
"334210/US",877.541,757.123,651.557,609.046,533.681,460.247,386.996,331.468,288.223,258.894,229.715,213.793,193.425,175.711,160.994,148.236,135.758,126.203,117.864,108.473,100,92.542,87.896,86.977,86.922,88.788
"334220/US",585.751,579.45,571.689,557.306,555.308,530.328,412.318,358.585,357.661,331.307,307.804,245.673,210.41,180.339,174.725,159.96,151.763,136.927,120.911,106.301,100,93.247,87.229,83.681,80.146,79.124
"334290/US",85.214,85.902,85.431,85.362,85.907,86.344,86.751,86.955,87.309,88.559,89.192,90.635,91.316,92.264,94.351,95.642,96.729,97.824,99.177,99.049,100,100.202,100.987,102.861,107.149,116.828
"334413/US",1022.52,655.229,475.683,324.286,224.808,217.379,198.313,184.579,179.676,169.553,148.443,134.423,128.051,124.137,115.401,107.828,106.622,104.814,103.958,100.632,100,97.138,94.011,92.417,90.394,93.52
"334418/US",136.033,132.815,128.96,128.202,116.038,114.135,114.351,112.312,107.955,105.335,101.967,98.522,100.219,98.582,97.254,96.566,97.496,99.586,99.848,100.168,100,99.709,99.498,99.013,100.174,101.71
"33441A/US",84.783,84.52,84.466,86.172,86.707,86.415,85.795,86.26,86.994,89.319,91.121,92.084,92.549,92.973,94.489,96.51,97.071,97.997,99.263,99.033,100,103.425,107.001,111.05,116.264,123.958
"334510/US",178.512,176.805,173.417,168.693,166.143,165.179,158.872,147.423,143.88,139.969,136.273,133.651,130.007,126.81,122.565,119.13,115.383,108.607,106.248,102.356,100,96.48,94.092,93.734,95.244,95.769
"334511/US",78.539,79.464,79.144,78.626,77.973,78.972,80.058,81.427,82.478,83.899,85.397,86.634,87.867,88.322,89.685,91.539,93.677,94.459,95.951,96.762,100,103.724,109.48,114.452,116.464,122.623
"334512/US",82.586,82.667,82.929,83.349,83.321,83.35,83.304,84.023,85.844,87.879,90.267,91.575,92.071,92.684,94.566,95.961,97.184,96.662,96.621,98.226,100,103.631,106.325,107.307,111.987,121.272
"334513/US",67.889,68.932,69.603,70.521,71.25,71.948,73.465,75.069,76.618,78.901,82.144,84.778,87.301,88.321,91.713,93.445,94.386,96.272,97.681,98.751,100,101.715,102.741,105.511,107.503,117.087
"334514/US",68.539,65.157,65.232,67.156,67.953,68.5,70.197,71.826,73.294,74.453,77.336,79.371,81.671,82.494,85.144,89.414,92.258,94.675,96.411,97.53,100,103.291,106.638,108.243,111.423,125.053
"334515/US",89.468,88.368,87.266,87.539,87.005,87.194,86.164,85.835,86.015,86.281,86.946,89.076,91.414,92.058,93.016,95.3,97.374,98.414,99.002,98.674,100,98.893,98.216,99.38,99.496,103.397
"334516/US",77.311,77.591,77.216,78.864,80.011,81.172,82.006,83.239,84.713,86.521,87.024,88.991,90.346,90.696,91.401,91.867,92.748,94.197,95.757,97.288,100,101.317,104.123,105.483,107.658,114.467
"334517/US",202.913,203.813,201.975,202.032,201.744,201.591,182.22,170.833,159.852,150.022,145.348,140.218,134.181,129.274,126.681,121.08,111.195,108.32,106.087,102.876,100,93.278,91.659,88.318,87.911,89.928
"33451A/US",81.16,82.11,82.982,83.986,84.685,85.369,85.707,86.722,87.77,88.833,90.283,91.335,92.338,92.407,93.414,94.806,95.418,96.509,97.528,98.574,100,101.621,103.767,105.046,106.76,116.309
"334300/US",161.894,159.294,155.513,153.624,149.519,145.705,142.268,137.04,131.864,126.292,120.923,116.017,105.2,103.17,102.581,102.212,98.739,98.958,99.44,99.737,100,99.582,100.748,103.001,106.739,116.436
"334610/US",129.43,129.321,127.692,125.752,122.134,116.349,113.242,110.253,110.022,108.575,106.34,106.94,105.016,101.303,100.55,100.389,101.11,100.666,100.38,100.192,100,100.162,101.46,103.424,104.546,112.191
"335110/US",107.361,111.667,112.137,111.744,111.642,109.841,110.003,108.054,110.248,108.925,109.826,110.884,112.186,113.34,114.856,121.802,115.856,111.9,111.394,106.796,100,103.475,93.653,80.542,82.319,88.213
"335120/US",80.025,79.927,79.719,80.234,80.247,79.981,80.227,81.399,83.523,86.311,88.867,91.687,93.361,93.173,95.542,97.294,97.517,97.775,98.874,99.065,100,103.338,109.11,111.845,117.295,127.296
"335210/US",102.609,102.591,103.003,102.123,101.031,98.935,97.12,96.538,97.766,98.512,100.385,101.027,104.548,104.061,105.057,107.802,108.6,108.489,100.958,98.953,100,101.421,105.042,105.226,108.131,120.121
"335220/US",89.762,88.384,87.774,86.78,84.664,84.41,83.311,83.16,85.825,86.938,87.848,90.662,94.786,94.344,95.351,99.503,99.503,99.627,100.131,99.773,100,102.837,107.127,108.788,114.892,129.066
"335311/US",59.97,60.36,60.99,61.961,61.502,60.498,60.474,62.299,68.763,77.838,88.162,98.527,95.621,102.129,105.773,104.951,103.818,103.865,98.708,96.747,100,105.021,107.502,108.997,126.41,166.019
"335312/US",66.746,67.179,67.288,67.694,68.03,68.151,68.432,69.778,73.129,76.826,80.575,85.047,87.705,89.819,95.797,97.852,98.705,100.154,100.249,99.15,100,102.746,105.233,106.259,111.266,129.902
"335313/US",69.195,70.691,71.904,73.043,74.974,75.873,76.188,77.877,81.503,85.067,91.085,93.978,96.033,97.335,98.695,99.256,100.123,99.632,99.302,99.397,100,102.077,105.373,107.934,115.462,136.746
"335314/US",67.553,68.155,68.878,69.166,69.976,70.531,71.265,72.635,74.908,78.501,81.299,84.725,87.397,89.845,92.364,93.979,95.926,97.088,98.477,98.695,100,101.369,103.223,105.158,108.416,122.266
"335911/US",57.954,56.228,56.158,56.295,55.753,56.657,55.738,57.582,60.077,64.645,75.636,86.752,84.521,87.681,91.934,94.355,95.411,95.283,95.413,94.705,100,106.601,106.125,105.231,110.032,125.013
"335912/US",80.961,83.691,84.213,86.632,90.787,91.306,84.329,84.554,85.803,90.574,94.21,97.506,99.385,98.91,99.535,101.712,100.888,101.831,100.831,99.386,100,104.735,109.862,110.175,112.51,123.577
"335920/US",60.535,57.749,55.449,58.866,58.192,54.839,55.307,63.797,70.293,93.24,99.188,102.404,94.887,103.245,109.593,107.854,105.706,104.539,102.051,98.76,100,102.597,103.382,102.71,127.373,146.598
"335930/US",67.82,67.678,66.696,66.661,66.955,67.287,67.078,73.978,77.53,82.455,85.46,90.174,89.712,91.969,95.807,99.121,99.95,101.304,100.78,99.254,100,102,103.626,105.001,122.79,147.968
"335991/US",81.566,81.665,77.888,75.152,72.584,66.197,66.409,70.343,77.658,83.947,84.599,93.249,110.365,99.71,97.052,105.298,102.695,97.185,96.596,89.182,100,157.589,158.51,135.655,114.024,125.11
"335999/US",87.509,87.866,88.326,88.938,89.2,89.618,89.083,89.702,91.773,95.037,96.809,97.845,98.29,99.032,99.336,100.8,98.622,98.578,97.923,97.795,100,102.149,104.557,106.945,117.38,133.087
"336111/US",98.358,96.954,96.79,97.811,97.24,95.18,95.163,96.671,96.502,94.215,93.227,95.412,96.436,95.395,96.361,97.432,96.986,97.65,99.229,99.234,100,100.462,101.056,101.013,103.834,107.472
"336112/US",89.419,87.541,88.703,88.973,87.72,85.298,85.159,85.947,84.443,81.706,82.809,83.269,86.303,87.024,87.769,90.908,92.575,94.798,97.353,98.34,100,101.107,101.007,100.499,103.913,109.075
"336120/US",63.207,63.707,65.126,66.121,66.032,67.209,68.035,69.044,71.662,74.09,77.401,79.642,83.086,85.567,87.587,89.876,91.643,93.514,95.776,97.881,100,101.834,102.831,103.502,105.172,109.344
"336211/US",68.412,69.004,69.752,70.955,72.116,72.874,73.912,76.965,81.703,85.054,87.347,90.383,92.891,93.732,95.124,96.521,96.948,97.703,98.317,98.786,100,102.214,104.43,104.739,108.812,120.715
"336212/US",64.38,66.513,67.222,68.742,68.6,68.32,68.979,73.044,77.358,80.899,83.377,87.01,87.575,89.555,93.9,96.516,96.398,97.326,99.155,99.359,100,104.925,110.588,110.784,123.235,161.282
"336213/US",74.845,75.854,77.196,78.212,79.379,80.987,82.521,85.642,88.676,87.307,89.789,91.593,90.081,89.267,90.471,93.166,94.919,95.263,95.926,97.64,100,102.326,103.641,105.865,110.294,114.396
"336214/US",65.418,66.065,67.072,68.056,68.788,69.8,71.062,72.747,74.952,78.176,80.932,84.846,86.236,85.824,87.248,90.019,91.962,94.048,96.274,97.481,100,104.419,106.887,109.075,120.769,139.989
"336310/US",88.126,86.922,86.174,85.536,85.734,86.54,85.233,86.678,87.774,94.621,96.293,98.872,90.105,93.553,97.498,99.005,99.179,98.887,98.535,99.011,100,100.283,100.375,101.867,105.711,108.757
"336320/US",98.262,97.453,96.993,96.283,95.566,95.08,94.625,94.452,94.156,94.429,95.075,95.623,95.704,96.205,97.545,98.263,98.671,99.644,100.848,100.047,100,100.174,100.656,100.9,102.751,109.042
"336350/US",88.648,89.089,88.68,88.3,88.311,87.988,86.889,86.529,87.148,88.57,90.838,92.502,95.018,95.207,96.32,98.28,99.393,100.746,101.323,101.166,100,100.829,101.089,102.739,104.636,108.833
"336360/US",94.723,94.708,94.186,95.317,95.626,95.044,93.799,92.986,93.639,94.006,94.235,93.822,94.401,93.794,94.411,94.957,95.435,96.694,98.153,98.845,100,100.22,98.872,98.705,102.24,106.192
"336370/US",95.61,95.345,94.799,95.015,94.806,94.543,95.944,97.603,99.669,100.676,101.391,105.28,107.27,106.083,106.25,106.405,106.243,105.957,105.772,101.992,100,101.038,103.487,102.294,104.447,113.256
"336390/US",93.706,93.382,93.005,93.786,94.386,92.802,92.297,92.963,94.086,94.795,96.433,101.118,100.676,102.336,105.015,105.407,104.158,103.916,103.023,97.988,100,104.639,106.378,107.214,110.768,116.99
"3363A0/US",97.513,97.112,96.731,96.266,95.572,95.193,95.008,95.302,96.906,97.892,97.531,99.132,98.876,99.335,101.167,102.313,102.032,101.773,101.114,100.042,100,101.315,102.474,102.324,107.896,115.561
"336411/US",66.127,66.292,67.09,69.666,72.642,73.698,75.931,78.735,81.609,84.496,85.878,88.094,89.001,89.912,92.087,93.894,95.321,96.92,98.026,98.482,100,101.855,104.006,106.149,107.405,111.591
"336412/US",60.922,61.608,62.271,63.649,65.258,65.735,68.879,72.276,73.94,76.631,79.8,83.185,86.222,88.327,91.027,93.909,95.721,97.662,98.104,99.263,100,101.354,102.932,103.978,105.467,108.767
"336413/US",78.065,78.076,78.76,79.843,80.607,80.834,82.536,84.015,85.703,88.273,88.061,91.127,92.582,92.837,94.328,94.69,96.608,98.356,99.157,99.713,100,100.833,102.139,104.365,105.437,107.258
"336414/US",78.298,79.699,81.816,83.658,84.187,84.167,85.606,87.19,89.837,91.183,92.763,94.992,94.739,95.07,96.688,97.661,98.91,100.116,100.331,99.707,100,100.474,101.453,101.873,103.146,107.797
"33641A/US",67.286,66.756,69.46,71.074,72.276,73.947,75.732,77.994,81.149,80.897,83.563,86.829,87.92,89.285,92.63,92.511,94.03,97.141,98.715,98.04,100,102.501,103.663,106.132,111.256,117.743
"336500/US",72.914,72.971,73.132,73.407,73.191,73.067,73.058,74.875,80.767,84.612,87.383,89.393,89.892,90.533,92.141,94.163,96.03,97.179,99.098,99.894,100,99.77,100.919,100.138,101.959,114.558
"336611/US",67.355,67.3,67.129,68.603,68.956,69.618,71.044,76.52,80.271,85.717,89.37,92.071,94.518,95.451,97.31,97.949,97.963,99.055,100.017,99.469,100,101.107,101.786,102.639,104.33,109.118
"336612/US",60.535,61.416,62.907,65.191,67.677,68.78,70.106,71.291,74.498,77.201,79.538,82.178,83.938,85.199,86.758,88.882,91.208,93.379,95.503,97.602,100,103.418,107.983,111.007,117.769,132.086
"336991/US",81.642,82.269,82.949,84.86,86.031,87.071,87.786,88.549,89.868,90.564,91.158,92.706,93.601,94.049,94.644,96.378,97.127,97.352,98.379,99.465,100,100.54,103.045,104.625,105.424,108.018
"336992/US",68.647,70.494,75.363,80.472,80.627,82.794,83.661,86.16,87.366,87.795,89.4,90.879,92.46,93.164,94.821,96.45,97.229,98.349,99.515,99.336,100,101.545,101.998,102.498,105.64,111.026
"336999/US",83.213,84.754,84.83,86.71,88.235,88.435,88.544,90.104,92.383,93.871,95.661,94.847,94.195,94.875,95.312,96.326,97.106,96.05,96.437,97.526,100,101.682,104.315,104.848,108.622,118.56
"337110/US",70.352,71.604,72.694,74.257,75.502,76.492,77.744,78.907,80.386,82.587,84.346,86.241,87.661,87.77,89.055,91.016,93.801,96.355,98.047,99.068,100,101.039,103.212,104.059,107.863,118.716
"337121/US",72.558,73.591,74.601,75.898,76.92,77.927,78.633,79.106,80.825,84.168,85.815,89.013,90.983,90.623,91.964,93.912,95.391,97.286,98.121,98.705,100,102.511,104.208,105.332,114.314,130.883
"337122/US",67.924,69.091,70.523,71.73,72.872,74.205,74.748,75.678,78.105,80.352,81.744,84.33,87.384,88.284,89.834,91.973,93.873,95.503,97.085,98.441,100,101.387,103.492,105.042,110.287,120.493
"337127/US",65.024,65.676,66.299,66.901,67.835,68.277,68.855,71.2,74.059,76.547,79.551,83.35,85.798,85.753,88.011,90.427,92.209,94.342,96.961,98.324,100,101.276,105.578,108.701,115.704,135.415
"33712N/US",75.027,75.359,76.035,76.691,77.392,78.432,78.029,78.632,81.503,84.389,86.61,91.121,94.985,93.991,95.46,97.476,99.579,101.37,99.877,99.9,100,100.912,102.839,104.534,110.311,123.29
"337215/US",72.701,73.483,74.806,75.642,76.112,75.884,76.293,78.112,81.15,81.876,83.172,87.952,90.403,90.927,93.252,95.269,95.839,97.368,98.318,98.522,100,105.155,108.731,109.537,129.43,147.46
"33721A/US",70.975,70.65,70.96,71.589,72.333,73.051,74.043,75.574,79.608,81.746,84.187,87.4,90.098,90.688,92.577,94.308,94.278,97.575,98.178,98.516,100,102.501,105.506,107.773,112.824,125.856
"337900/US",68.319,69.219,69.594,70.526,71.34,71.422,71.252,74.372,79.726,83.462,83.573,86.285,89.28,88.628,90.536,95.169,95.595,94.42,95.712,96.047,100,102.794,104.297,105.688,114.215,130.013
"339112/US",89.916,89.453,89.207,89.076,89.968,91.284,93.643,94.629,95.179,94.803,95.257,96.246,96.833,97.259,97.252,97.358,97.858,97.68,98.859,99.727,100,100.76,100.777,102.235,102.488,105.062
"339113/US",77.409,78.343,79.405,80.948,82.106,83.502,85.152,87.451,88.349,89.94,91.118,93.465,94.752,95.361,96.577,96.92,98.238,99.133,100.147,99.594,100,101.408,102.694,103.379,105.826,110.556
"339114/US",50.329,52.351,54.924,56.409,57.837,58.271,60.292,61.545,63.967,69.415,71.455,73.87,75.124,78.892,87.19,88.574,92.001,95.226,96.808,95.764,100,102.98,108.742,112.144,115.714,119.385
"339115/US",78.211,77.899,77.839,77.163,77.01,77.428,77.797,78.281,78.965,80.947,81.626,82.733,83.595,85.668,88.506,98.224,99.708,99.939,98.821,98.794,100,102.514,103.736,105.803,108.222,113.716
"339116/US",35.168,36.267,38.419,40.049,41.214,41.462,42.11,43.831,50.841,54.676,58.745,64.871,64.208,74.324,87.923,86.003,89.808,91.397,91.673,90.86,100,102.733,110.894,118.294,122.292,122.851
"339910/US",64.822,64.488,64.085,64.411,64.744,65.33,66.041,67.914,69.824,73.221,75.487,79.323,81.214,85.928,94.075,99.438,99.483,94.617,93.965,97.542,100,99.851,102.338,107.132,110.975,117.716
"339920/US",96.321,97.528,97.598,96.951,96.809,96.212,95.239,94.838,95.749,97.727,100.924,98.587,97.747,97.802,97.379,97.001,97.854,99.563,101.122,101.725,100,101.245,104.518,104.32,109.03,119.648
"339930/US",81.588,81.261,81.213,81.406,82.284,82.997,83.013,83.379,84.908,85.689,86.782,89.435,94.35,93.329,95.918,97.992,98.336,98.976,100.76,100.413,100,102.256,103.022,104.72,111.685,121.309
"339940/US",82.588,82.955,83.017,83.504,84.701,85.439,85.257,85.531,86.993,87.469,88.801,89.973,91.671,91.263,92.932,94.224,95.886,96.663,97.802,99.411,100,101.27,102.9,103.201,105.459,115.156
"339950/US",80.138,81.507,83.675,84.463,84.394,82.331,82.365,83.372,87.351,90.923,93.029,94.342,93.829,93.864,94.778,95.572,96.89,98.029,98.103,98.059,100,102.482,103.507,104.978,108.122,120.004
"339990/US",71.909,72.667,73.714,74.789,75.969,76.85,77.55,78.953,80.553,83.003,85.563,90.922,92.436,92.102,94.24,95.892,96.209,97.394,98.782,99.149,100,101.434,106.735,108.469,111.816,122.466
"311111/US",61.005,60.857,60.459,60.276,62.062,62.045,62.357,65.981,66.893,67.912,71.85,81.664,87.052,87.281,89.876,92.346,95.412,97.007,98.107,100.027,100,102.012,105.799,106.629,110.166,124.366
"311119/US",67.335,56.319,51.011,52.372,54.024,55.618,59.284,65.158,60.121,63.237,78.588,102.479,93.153,92.118,114.768,124.37,124.816,114.21,105.572,101.379,100,104.96,105.743,107.356,128.136,148.102
"311210/US",67.958,62.044,58.099,56.203,56.98,57.663,62.79,67.979,66.281,72.129,86.153,119.16,97.404,94.506,112.253,115.652,116.816,114.909,106.198,100.229,100,103.193,103.541,104.986,119.724,142.36
"311221/US",66.65,58.986,55.765,57.08,61.972,62.009,66.053,70.987,70.039,76.987,91.016,109.806,100.008,96.772,120.272,122.696,127.761,109.628,97.917,99.912,100,99.059,100.364,100.971,117.682,135.573
"311225/US",56.438,55.282,51.733,49.803,50.471,52.967,60.714,71.948,66.358,68.475,79.155,109.202,87.299,89.218,114.192,113.459,107.104,99.464,95.057,95.279,100,96.46,91.63,95.462,129.197,157.47
"311224/US",73.327,60.598,50.932,52.28,52.209,54.93,65.492,76.421,69.435,70.652,84.74,119.403,103.779,102.271,124.801,137.064,136.386,127.274,102.685,99.735,100,101.681,93.619,95.255,125.34,141.535
"311230/US",71.771,72.09,73.094,73.401,74.295,75.14,76.502,77.968,80.127,80.867,82.722,85.977,88.467,89.568,92.64,95.686,97.664,97.995,98.374,99.502,100,100.952,104,104.431,105.705,115.575
"311300/US",65.981,65.67,66.057,64.698,65.931,68.121,70.709,71.221,74.139,77.77,77.847,82.952,90.361,95.613,103.019,103.864,98.365,97.408,100.511,100.268,100,101.228,103.197,106.604,111.975,120.368
"311410/US",73.195,73.071,73.833,73.459,74.105,74.76,75.658,76.865,78.648,81.437,82.954,87.268,91.713,92.79,95.8,98.733,99.186,100.289,100.542,99.104,100,101.631,100.711,100.251,102.724,117.326
"311420/US",67.133,67.037,67.817,68.39,69.381,70.434,70.984,71.847,73.85,76.151,80.232,86.185,91.29,90.139,92.563,96.459,97.7,98.304,100.006,98.902,100,101.026,102.014,104.557,107.38,125.216
"311513/US",72.003,78.712,77.768,72.109,78.78,73.608,76.9,86.711,83.987,77.331,93.82,101.34,80.824,89.245,102.139,101.309,104.678,118.256,100.101,97.378,100,97.358,102.781,107.236,104.705,120.459
"311514/US",71.079,72.991,73.442,73.776,77.524,73.393,72.906,77.978,79.595,80.66,97.979,92.979,81.731,90.452,100.568,101.225,104.81,110.098,95.571,94.307,100,96.678,100.147,100.18,112.103,124.72
"31151A/US",62.098,66.67,67.196,65.326,71.449,66.155,67.213,75.288,75.455,73.006,85.429,89.235,78.774,87.582,96.552,94.49,96.713,106.443,96.776,96.143,100,97.555,101.06,96.567,100.42,123.092
"311520/US",61.163,64.292,67.527,67.76,70.673,71.424,72.101,74.409,75.478,76.973,79.792,82.628,83.222,84.224,91.048,94.218,95.433,97.643,97.347,97.929,100,101.182,103.29,103.862,105.688,117.71
"311615/US",72.987,74.744,70.621,69.921,72.389,68.895,72.714,81.722,80.734,73.32,82.479,85.857,87.433,88.685,87.618,96.98,100.615,104.721,103.479,100.026,100,93.462,94.862,94.282,113.945,132.375
"31161A/US",60.422,54.772,55.712,60.361,63.689,60.512,68.24,71.782,73.413,71.865,75.121,79.241,73.787,83.4,96.451,101.044,101.795,117.03,108.907,98.819,100,98.551,100.09,102.784,125.094,124.372
"311700/US",60.586,61.708,64.918,68.084,65.073,64.031,65.515,66.567,69.742,71.244,75.947,82.241,84.078,87.409,95.121,94.576,92.431,94.513,93,93.769,100,103.508,107.017,106.438,112.984,125.214
"311810/US",53.83,54.301,55.226,56.846,58.907,59.6,61.089,61.738,63.518,65.911,68.834,76.676,80.822,82.159,84.814,86.904,88.27,91.126,93.724,97.432,100,104.622,108.31,110.219,113.503,128.814
"3118A0/US",68.228,68.639,68.831,68.967,69.918,70.684,73.498,74.484,75.323,76.764,80.153,89.295,91.435,91.303,95.178,98.255,98.789,98.844,100.076,99.591,100,101.293,103.211,103.604,105.182,115.958
"311910/US",61.501,61.904,62.495,63.725,65.317,66.757,68.244,69.914,74.743,74.58,75.429,81.809,86.716,90.724,94.344,100.399,100.325,101.624,100.594,100.397,100,102.734,104.244,103.592,104.902,115.432
"311920/US",78.756,74.893,70.802,70.304,66.608,66.203,68.824,70.191,78.989,80.572,85.385,92.38,93.252,97.804,112.918,109.786,101.191,102.147,105.146,101.155,100,100.223,100.486,100.723,102.332,116.156
"311930/US",74.556,75.252,76.668,78.899,80.913,82.101,82.922,83.879,85.739,87.952,89.635,92.193,93.832,92.17,93.752,95.992,95.567,96.208,97.32,98.315,100,103.292,108.803,114.758,119.926,131.242
"311940/US",62.837,63.733,64.189,64.34,65.445,66.523,69.024,72.139,71.831,71.984,75.098,81.878,81.088,80.906,84.009,87.542,89.281,90.883,92.193,94.472,100,101.892,105.021,105.82,109.257,118.344
"311990/US",76.083,74.694,74.179,73.759,75.072,76.1,78.743,81.656,82.181,83.706,88.413,96.758,91.637,93.411,97.887,100.416,103.805,108.159,117.741,98.247,100,106.801,98.504,99.88,101.258,125.119
"312110/US",68.471,69.246,70.752,73.727,75.62,76.972,77.86,79.535,80.914,82.912,84.545,88.285,91.275,91.486,92.971,95.639,95.648,96.288,97.177,101.179,100,101.187,104.967,107.344,112.273,126.699
"312120/US",66.057,66.421,67.865,69.715,72.4,73.344,74.052,76.758,79.471,79.399,78.297,83.016,84.756,87.453,90.036,93.656,95.105,98.666,99,99.036,100,99.094,99.291,100.579,100.006,104.794
"312130/US",82.084,81.359,82.457,82.91,83.011,82.803,82.595,82.245,84.85,89.093,90.559,92.674,94.056,93.994,94.44,95.54,96.376,96.404,96.735,97.668,100,99.831,100.198,102.918,103.748,109.317
"312140/US",109.679,109.093,114.594,107.775,112.402,110.117,104.958,106.042,102.539,102.517,103.781,106.099,105.211,105.915,103.014,103.496,104.019,106.256,107.2,109.278,100,97.846,97.123,96.648,95.681,99.704
"312200/US",28.094,31.738,41.588,44.729,49.383,53.358,51.542,51.537,54.612,54.551,57.645,60.492,73.261,78.6,83.385,88.29,90.456,95.566,95.352,95.8,100,104.856,109.61,113.568,123.235,126.966
"313100/US",89.222,87.815,82.565,82.411,81.574,79.038,80.376,83.791,85.674,87.858,89.171,93.53,90.681,96.016,115.956,106.881,105.671,105.296,99.336,97.266,100,104.926,104.741,100.775,117.189,139.505
"313200/US",82.531,81.953,78.818,78.395,78.404,77.031,76.611,77.767,80.117,82.424,83.275,86.604,87.102,89.769,97.658,98.285,99.042,101.271,101.321,100.333,100,102.457,104.987,104.641,113.329,125.952
"313300/US",78.484,78.616,78.319,78.852,78.536,77.941,76.725,76.673,79.18,82.198,84.239,86.808,86.935,88.791,96.132,97.381,97.961,98.17,97.949,98.692,100,102.672,105.87,110.633,123.869,142.766
"314110/US",68.303,68.553,68.04,69.407,69.899,69.949,71.532,73.356,78.402,82.859,83.746,85.5,89.388,90.18,93.884,95.917,96.623,98.946,99.655,99.626,100,104.407,105.898,104.395,108.133,110.873
"314120/US",71.421,71.687,71.803,71.511,71.824,71.722,71.634,71.829,71.958,72.472,73.758,75.206,77.602,79.282,87.763,91.452,92.156,97.265,98.638,98.877,100,100.053,101.353,101.827,104.175,109.456
"314900/US",77.256,78.145,77.648,78.344,79.417,79.551,79.25,80.506,83.237,85.334,86.527,89.742,90.915,91.828,94.589,97.103,99.541,100.569,100.478,100.046,100,102.252,103.311,103.201,109.629,122.002
"315000/US",81.672,82.46,82.614,82.943,82.734,82.267,82.697,83.192,83.754,84.476,85.462,86.659,88.401,88.991,90.377,92.727,94.648,95.663,97.911,98.487,100,101.585,103.359,103.457,104.885,109.894
"316000/US",80.28,80.149,80.26,81.088,82.918,83.073,84.471,84.787,85.267,86.504,88.446,90.675,91.65,92.21,95.533,98.081,101.912,105.363,103.22,100.341,100,97.962,95.404,93.912,98.951,101.15
"322110/US",65.429,62.231,60.822,74.588,64,58.805,61.29,66.535,69.594,73.406,81.731,88.065,82.305,95.658,101.999,100.156,97.389,100.274,103.225,95.625,100,123.757,97.432,76.58,105.401,132.669
"322120/US",77.795,77.521,75.939,80.568,80.104,78.064,78.769,80.329,85.537,89.692,91.203,98.254,98.675,100.069,102.964,103.377,102.584,102.286,101.605,100.726,100,102.384,104.089,102.617,106.03,120.336
"322130/US",57.696,59.837,60.013,68.721,67.015,64.193,63.744,66.711,69.152,75.08,78.714,85.663,81.823,89.019,91.627,90.657,95.664,97.469,95.377,91.383,100,106.302,103.56,99.107,114.93,135.303
"322210/US",48.278,52.216,54.037,60.294,60.86,59.659,59.787,61.925,64.555,69.663,71.997,76.359,77.288,81.065,84.272,84.586,90.737,93.044,93.843,93.719,100,103.456,104.285,102.366,113.025,130.282
"322220/US",74.366,74.334,74.496,76.607,77.195,76.79,77.011,78.422,82.082,85.493,87.182,91.051,92.506,94.673,99.316,100.122,99.984,101.129,100.907,99.893,100,104.295,106.583,106.721,112.354,126.483
"322230/US",68.145,67.948,67.366,69.798,70.976,69.97,71.565,72.33,76.465,80.235,83.855,88.342,90.591,91.225,93.109,94.722,96.762,98.508,98.076,99.119,100,106.468,109.894,109.562,115.628,142.077
"322291/US",82.633,82.883,83.638,84.434,85.646,86.683,87.26,85.658,88.097,89.408,88.766,94.723,98.723,98.916,100.223,101.458,101.332,100.198,99.8,100.321,100,99.261,100.029,100.557,102.786,113.583
"322299/US",68.866,69.415,69.477,72.909,74.206,73.406,74.563,76.121,78.379,80.534,82.908,85.322,86.871,88.947,92.839,93.431,93.455,96.928,99.146,99.616,100,100.003,102.081,102.639,110.558,130.066
"323110/US",83.018,84.375,85.776,87.334,86.791,84.189,84.832,85.799,89.243,93.067,94.415,96.049,95.845,96.089,97.73,97.898,98.376,98.924,99.304,99.448,100,101.027,103.859,104.724,109.203,124.642
"323120/US",93.819,94.795,95.56,97.392,97.325,96.493,95.866,96.183,96.069,96.825,97.574,98.203,98.263,98.044,97.585,97.711,98.755,98.263,98.938,99.247,100,100.504,102.01,103.093,105.107,113.873
"324110/US",39.613,30.156,35.187,52.99,48.679,45.904,56.551,69.777,95.224,111.571,122.952,155.562,99.563,130.077,171.718,173.547,166.986,158.025,100.931,81.373,100,122.616,108.552,79.74,133.142,195.444
"324121/US",39.274,39.057,39.247,44.896,46.321,46.85,49.003,49.819,54,68.422,74.538,90.283,90.966,94.553,100.06,106.568,106.905,108.861,105.771,100.141,100,106.592,109.6,106.746,111.3,129.662
"324122/US",45.034,44.83,44.865,47.703,48.83,50.052,52.506,53.181,59.046,65.328,66.079,82.161,96.785,97.495,102.075,101.909,104.341,102.294,101.374,100.39,100,106.013,109.947,111.852,122.828,143.091
"324190/US",40.962,40.809,40.892,43.815,45.425,46.022,48.295,50.933,58.383,69.331,73.472,86.903,84.834,96.013,117.519,122.038,117.534,115.093,105.832,94.706,100,109.627,110.611,105.841,125.75,181.27
"325110/US",55.021,46.345,49.005,63.298,57.314,56.545,63.183,76.953,99.425,111.309,116.185,134.737,95.202,144.736,184.816,150.34,144.745,144.795,95.05,74.332,100,123.594,83.802,72.314,157.949,186.632
"325120/US",55.973,55.024,54.968,56.636,58.347,57.484,58.761,62.354,68.938,70.729,72.623,82.035,79.047,80.088,83.77,85.015,87.58,91.453,91.381,94.554,100,103.821,114.01,112.731,119.745,138.933
"325130/US",83.851,84.859,84.675,84.804,83.191,79.029,78.776,81.314,85.903,89.354,92.822,98.853,94.713,97.561,114.937,130.174,119.058,111.808,103.974,96.281,100,107.056,113.803,112.911,115.122,136.959
"325180/US",46.485,45.743,41.789,42.989,45.424,44.001,47.025,48.736,56.58,66.046,68.101,88.868,95.268,91.036,101.923,105.295,103.766,102.093,101.087,96.231,100,109.647,110.415,107.193,116.747,146.015
"325190/US",52.367,49.389,49.175,55.555,55.816,55.551,58.877,64.118,72.213,77.537,80.218,93.864,92.182,93.811,112.779,111.2,111.65,108.446,98.023,95.338,100,102.982,100.675,96.197,121.285,141.264
"325211/US",58.266,53.409,53.876,61.393,57.975,57.196,63.564,71.687,84.035,87.008,86.315,95.011,84.809,94.127,103.465,104.441,107.82,111.872,98.823,93.476,100,105.093,98.076,93.519,130.272,134.145
"3252A0/US",67.387,65.878,63.026,66.026,66.82,65.193,67.593,70.062,76.79,80.722,82.211,92.714,85.681,94.061,109.679,111.022,105.962,105.734,97.342,94.982,100,103.023,100.868,95.045,110.453,123.445
"325411/US",73.021,74.031,77.827,79.902,77.685,73.618,75.154,75.392,76.403,77.739,79.653,87.127,94.344,98.222,99.049,100.091,98.093,100.097,101.085,99.605,100,103.642,104.277,105.905,106.118,108.875
"325412/US",37.486,43.067,44.554,45.548,46.809,48.325,50.38,52.476,54.991,57.606,59.624,63.122,66.522,69.652,72.715,76.284,79.705,84.368,89.951,95,100,103.35,105.562,108.13,108.573,111.181
"325413/US",66.785,68.429,69.834,71.946,72.543,73.715,74.719,75.797,78.074,79.946,80.062,82.507,85.07,86.129,88.589,90.932,97.216,101.591,99.683,98.931,100,101.285,102.286,103.558,104.842,112.457
"325414/US",58.125,59.868,64.529,64.875,67.109,67.592,66.126,69.336,74.783,78.076,80.304,83.065,83.752,85.64,89.021,90.547,92.592,94.427,97.535,99.71,100,102.467,107.263,109.545,111.594,113.978
"325310/US",60.181,58.294,55.873,54.309,57.533,52.656,61.833,70.963,79.361,83.628,104.598,198.664,99.505,110.79,148.467,149.101,140.769,133.386,128.354,104.896,100,107.17,107.194,100.475,135.051,189.642
"325320/US",78.122,78.352,76.412,77.384,78.711,79.006,78.98,79.606,80.533,84.331,86.451,93.966,102.001,94.724,94.431,99.211,100.488,101.767,100.645,99.807,100,107.474,110.382,105.611,109.06,139.608
"325510/US",55.789,56.657,57.422,58.635,59.641,60.401,61.868,63.984,68.513,73.536,76.432,81.486,86.139,86.511,90.791,98.262,99.573,100.557,99.429,98.631,100,102.928,106.689,108.19,116.978,147.522
"325520/US",61.977,62.916,63.095,64.16,65.981,66.139,66.957,68.863,73.574,79.141,81.908,87.464,88.815,90.137,95.001,97.589,98.498,98.974,99.106,98.904,100,100.189,101.194,101.697,105.722,120.927
"325610/US",64.52,64.853,64.865,66.336,67.369,66.915,67.653,69.135,72.791,76.95,78.87,85.003,88.675,88.584,93.029,97.349,97.037,97.584,98.034,98.265,100,103.129,103.77,104.187,108.504,119.475
"325620/US",77.996,79.383,80.657,81.979,82.529,82.838,83.604,84.131,85.838,87.432,89.058,89.654,90.732,91.733,92.899,94.778,95.794,98.732,99.428,99.09,100,101.369,102.673,103.161,103.307,109.266
"325910/US",63.926,64.015,63.664,64.133,65.437,65.078,64.215,63.43,65.974,68.932,73.181,79.23,84.621,84.769,87.664,90.299,92.144,92.85,95.868,98.934,100,101.503,102.865,103.206,106.934,117.756
"3259A0/US",71.923,71.923,71.126,72.4,74.05,72.366,73.194,75.031,80.103,84.371,86.691,91.335,92.05,92.603,98.111,100.86,100.893,101.53,100.59,98.935,100,102.766,103.779,102.991,108.386,119.944
"326110/US",58.357,57.031,57.113,60.174,61.545,60.853,63.465,66.488,74.495,79.31,78.931,88.12,84.37,89.177,95.316,97.157,99.27,102.035,98.996,97.06,100,103.259,101.132,100.287,117.65,130.234
"326120/US",57.848,56.621,58.303,61.897,57.227,58.395,61.079,65.542,73.526,84.579,81.077,87.964,85.168,88.913,94.278,97.745,99.285,100.674,99.708,97.017,100,104.07,104.842,106.232,133.061,165.616
"326130/US",67.497,70.03,70.7,71.72,74.152,74.445,74.791,77.048,80.225,83.016,82.732,86.085,86.453,87.079,89.586,91.378,94.668,97.744,98.563,98.798,100,101.651,103.113,104.558,109.338,124.845
"326140/US",56.587,55.839,55.884,57.097,57.196,58.148,59.884,63.147,70.081,74.161,77.061,82.996,82.423,82.264,86.838,90.101,91.479,92.716,94.217,93.406,100,105.052,105.241,104.728,128.937,172.215
"326150/US",61.977,61.544,61.426,61.76,61.597,62.213,63.939,64.468,69.975,85.899,83.739,88.79,89.971,88.787,90.001,93.524,95.711,97.965,98.428,98.475,100,104.485,103.746,101.794,110.684,124.292
"326160/US",80.313,79.364,79.74,82.919,83.486,81.188,85.081,86.909,96.499,100.654,99.844,107.035,96.702,97.367,106.532,108.446,111.241,109.494,102.298,97.714,100,106.805,107.744,101.382,109.476,125.351
"326190/US",70.156,69.999,70.202,71.523,72.793,72.53,73.179,74.25,78.268,81.845,82.495,86.488,87.705,89.566,93.74,95.495,98.351,99.558,99.332,98.831,100,103.032,104.611,104.692,116.2,131.934
"326210/US",64.081,63.252,62.854,62.696,63.14,63.847,65.591,68.694,71.931,76.711,78.521,86.525,86.763,91.192,102.41,104.78,104.838,102.278,100.23,98.513,100,101.601,103.734,102.648,107.068,122.66
"326220/US",54.745,55.244,55.536,56.139,57.539,57.086,57.92,59.758,63.33,65.786,67.426,71.737,75.962,78.097,86.576,93.233,96.859,96.839,96.353,96.9,100,103.157,105.629,107.746,112.55,123.406
"326290/US",73.337,73.596,73.389,73.963,74.413,74.234,74.068,73.91,75.812,78.697,80.339,85.186,86.917,88.75,95.086,99.501,99.538,99.19,99.489,99.284,100,101.065,102.213,102.461,105.565,121.026
"423100/US",79.539,78.878,80.689,80.08,77.986,76.939,75.206,76.103,75.982,79.915,80.447,84.855,85.345,84.153,92.038,95.343,99.799,96.932,92.985,97.671,100,102.844,107.763,102.907,110.879,140.109
"423400/US",134.96,126.562,118.541,113.407,101.279,94.372,87.765,85.676,81.819,83.708,84.433,86.341,88.388,86.745,87.147,87.857,92.288,96.195,97.804,98.096,100,103.638,103.376,104.253,110.59,115.23
"423600/US",104.08,101.78,100.507,98.877,96.248,95.092,92.075,90.42,90.121,93.649,95.421,98.333,101.388,99.455,106.488,105.869,98.787,95.908,96.951,97.786,100,101.937,107.334,109.926,130.425,139.265
"423800/US",61.537,62.446,63.432,63.997,64.39,65.264,65.174,67.308,70.319,73.316,74.973,77.101,79.285,78.107,79.221,83.095,86.378,87.169,87.969,95.503,100,101.971,108.573,111.211,114.112,133.895
"423A00/US",72.353,70.905,71.114,71.285,69.446,69.677,69.494,75.815,78.193,81.653,83.502,86.305,89.232,87.745,89.791,93.177,94.351,95.131,96.554,98.853,100,103.297,105.11,107.279,127.921,141.772
"424200/US",59.686,63.176,64.748,65.661,65.521,66.239,66.468,68.286,70.991,73.139,76.008,79.807,87.654,91.377,96.893,97.949,105.617,114.706,116.499,104.701,100,103.651,110.301,112.21,108.477,113.177
"424400/US",72.99,73.049,73.57,73.767,75.125,74.97,75.639,78.986,81.301,83.027,86.455,90.949,100.115,104.502,107.738,104.223,93.515,94.362,98.163,99.399,100,102.426,106.119,105.808,107.905,122.232
"424700/US",50.689,48.208,51.226,58.629,57.436,56.83,60.904,66.715,76.728,83.015,82.942,81.187,84.324,84.622,85.493,88.155,92.861,92.896,95.912,97.626,100,99.356,100.194,94.225,108.438,113.691
"424A00/US",57.546,56.602,56.961,58.74,59.092,59.924,61.46,63.962,66.608,69.546,72.505,76.073,83.123,86.772,86.357,90.561,94.607,95.384,94.749,93.58,100,101.202,101.532,102.188,103.007,115.567
"425000/US",69.18,67.087,68.349,71.495,69.988,69.745,70.815,74.536,78.201,81.398,82.692,84.808,85.224,86.639,93.343,97.614,96.896,98.287,94.652,96.7,100,102.638,105.031,105.552,112.125,125.83
"4200ID/US",100.874,94.781,94.837,92.368,93.293,86.907,88.157,86.012,87.452,86.843,91.921,96.515,90.119,96.799,102.283,104.679,108.638,108.408,104.563,101.82,100,131.269,188.586,175.086,194.427,206.945
"441000/US",86.294,86.254,88.576,89.583,88.271,94.434,95.305,96.06,98.643,102.656,103.601,103.118,105.879,108.645,111.886,111.922,111.523,110.658,108.46,102.581,100,100.62,100.577,110.753,148.828,178.269
"445000/US",53.946,54.771,55.914,57.328,60.244,61.549,63.904,66.783,71.02,73.352,75.542,80.048,81.375,79.642,83.511,87.113,89.002,91.737,95.993,99.038,100,103.154,105.068,108.434,110.446,124.12
"452000/US",92.863,93.259,93.184,93.888,94.365,86.851,84.703,85.596,86.583,88.04,89.85,91.97,90.89,92.305,91.297,99.444,98.745,100.046,99.984,100.416,100,99.52,102.668,100.054,104.992,122.306
"444000/US",74.931,73.618,73.374,74.288,74.698,73.123,73.913,77.984,79.747,87.257,88.357,87.1,87.889,87.37,89.147,93.255,98.206,96.241,97.54,97.805,100,104.552,106.535,117.164,143.482,155.472
"446000/US",63.855,64.742,66.084,67.778,70.387,74.777,77.122,78.403,82.17,88.814,90.875,95.048,100.071,99.632,96.584,99.458,102.985,105.847,102.462,101.491,100,101.594,103.439,103.973,103.666,104.746
"447000/US",46.963,43.591,46.596,55.41,55.34,49.122,49.959,54.103,53.669,52.039,67.375,66.258,65.039,67.317,71.543,74.489,79.262,85.625,91.828,96.605,100,101.991,102.731,122.851,123.505,150.386
"448000/US",90.278,88.638,87.468,86.662,85.294,83.227,81.67,81.965,83.978,85.965,86.022,88.216,89.2,92.304,97.506,98.221,96.957,99.184,100.662,100.758,100,98.465,99.316,93.493,101.707,109.26
"454000/US",83.971,83.116,83.342,86.841,86.842,86.432,87.664,89.627,92.166,93.301,93.959,97.956,99.409,97.082,96.449,95.809,96.763,97.606,99.478,99.801,100,101.231,106.747,109.859,115.932,112.188
"4B0000/US",106.049601386407,104.325666673496,101.575278911565,100.197286664717,96.9902348475643,94.2936827755329,93.3217727112178,92.7005777771657,93.9574973320979,94.6619605294087,94.4102171708015,95.8128148078268,96.5678762367019,95.01439207338,95.6201143908681,95.6610720713796,97.9414342433438,98.181065976539,97.7471186596019,97.0942481239489,100,99.255980346072,97.8714099010806,100.789839798696,108.683856906445,115.937122314576
"481000/US",53.335,53.176,55.979,65.804,71.182,72.393,73.956,74.575,78.765,82.851,84.689,92.31,85.694,91.07,97.365,102.162,102.761,105.102,101.545,98.881,100,102.779,106.283,94.536,96.205,114.675
"482000/US",55.515,56.222,56.231,57.063,58.24,59.465,60.313,62.535,68.693,74.541,77.329,86.115,81.822,85.68,92.588,96.693,99.68,101.398,98.035,96.635,100,105.45,108.601,108.868,114.074,124.524
"483000/US",63.404,65.595,72.02,77.494,80.234,83.186,90.149,91.367,93.234,93.716,92.667,100.274,86.977,93.955,96.249,94.488,94.394,97.129,96.695,95.628,100,106.038,108.372,102.061,113.484,137.505
"484000/US",63.268,64.637,66.377,69.138,71.084,72.064,74.053,76.904,81.134,84.159,85.799,91.262,87.393,88.93,94.067,97.148,98.473,100.078,98.437,97.796,100,106.173,108.901,108.657,121.918,144.867
"485000/US",55.136,55.664,55.736,57.217,58.989,60.435,63.955,67.163,70.011,73.43,74.549,78.282,82.352,86.09,90.335,91.847,94.773,95.165,96.571,98.665,100,101.204,101.738,100.235,103.206,105.166
"486000/US",56.358,54.22,53.682,55.615,57.269,58.051,59.23,61.785,64.181,69.063,72.536,76.683,75.865,81.913,85.634,87.277,92.493,94.006,93.687,97.714,100,102.617,110.237,114.649,121.089,133.889
"48A000/US",77.414,77.753,78.578,80.46,81.076,80.951,82.027,83.082,84.771,86.583,88.041,91.774,88.689,91.139,94.692,96.152,97.345,98.293,97.964,98.219,100,102.148,104.239,101.123,125.462,137.655
"492000/US",38.192,37.509,38.947,42.761,44.682,45.563,47.15,50.483,54.147,57.813,62.562,67.563,67.32,72.955,80.249,85.407,90.01,94.224,96.572,96.654,100,105.873,110.722,114.608,122.552,137.249
"493000/US",82.274,83.264,85.168,86.682,88.502,89.589,90.742,91.448,91.878,92.741,97.464,101.344,101.909,100.367,98.577,96.484,95.264,95.407,96.735,97.361,100,103.723,103.64,103.489,110.407,125.976
"511110/US",69.603,70.564,72.017,73.739,77.64,79.635,81.011,81.494,82.825,84.561,84.965,86.166,87.319,88.276,89.553,91.149,92.904,95.044,96.248,98.747,100,102.541,106.918,114.489,117.637,121.162
"511120/US",72.851,75.035,76.33,78.105,81.121,83.858,86.202,86.924,88.365,89.959,90.809,92.705,93.326,94.068,94.264,94.692,95.783,96.524,97.602,98.294,100,100.567,101.049,103.532,103.174,103.902
"511130/US",61.929,63.293,64.99,66.084,68.156,70.851,73.046,75.489,78.014,80.586,81.728,84.623,87.19,89.252,90.628,92.852,94.564,96.283,98.413,98.698,100,101.925,103.577,106.131,110.878,116.334
"5111A0/US",82.112,84.338,87.727,88.244,86.858,83.439,85.031,86.438,92.597,97.778,99.348,99.899,100.275,100.303,101.073,101.644,101.788,101.637,101.535,101.02,100,99.605,100.477,100.813,101.551,104.845
"511200/US",152.677,145.596,143.928,145.992,144.472,141.014,133.835,127.352,124.417,124.319,122.276,121.914,118.521,113.105,111.735,108.684,106.789,105.106,103.079,101.407,100,97.989,97.74,97.002,95.448,93.833
"512100/US",92.624,93.068,94.917,97.102,98.45,98.285,99.172,100.717,99.071,97.875,98.234,98.587,93.022,94.863,94.824,97.677,96.683,96.754,96.525,100.259,100,101.851,101.336,100.813,101.549,106.098
"512200/US",109.519,110.147,111.91,113.332,118.119,117.157,120.199,120.663,121.89,119.707,117.511,115.522,110.678,105.666,103.216,100.075,100.49,100.59,98.708,97.069,100,97.274,93.735,91.84,91.019,91.279
"515100/US",79.301,80.24,81.982,84.26,88.347,90.229,91.773,92.48,93.353,95.092,95.563,96.109,94.284,94.617,94.954,96.472,97.672,98.55,97.044,100.887,100,100.236,99.867,98.38,97.985,99.728
"515200/US",78.371,78.666,79.741,83.895,87.188,87.26,89.723,91.371,92.145,93.645,92.919,95.56,93.975,95.406,96.189,99.68,98.95,99.084,97.646,101.4,100,101.165,99.716,98.669,97.935,100.391
"517110/US",93.255,92.007,90.398,88.819,87.838,86.256,86.418,86.384,87.108,87.907,88.225,89.109,89.965,90.628,91.945,93.336,94.393,95.414,97.109,98.81,100,102.587,103.833,104.914,105.963,108.809
"517210/US",228.775,225.912,220.724,209.263,199.892,201.144,200.314,195.515,171.573,158.853,154.764,145.958,141.549,135.854,131.592,129.123,127.795,124.06,115.066,106.713,100,96.707,96.109,95.996,96.006,96.705
"517A00/US",129.387,128.675,126.052,125.328,122.895,120.611,118.183,115.756,110.408,107.881,107.279,105.633,104.674,103.198,102.874,102.597,104.437,104.119,103.096,101.133,100,101.082,101.513,102.653,102.738,104.906
"518200/US",92.219,93.628,95.027,96.892,98.14,98.822,98.354,97.028,96.987,97.799,98.623,99.512,99.439,98.858,99.242,99.615,99.835,100.026,100.084,99.666,100,96.823,96.656,95.381,94.565,94.011
"519130/US",101.018,104.499,106.576,105.62,102.829,98.025,98.839,98.769,103.839,107.851,101.971,102.434,103.579,103.673,103.579,103.477,102.961,102.497,102.124,100.76,100,98.845,99.799,100.403,102.097,103.93
"5191A0/US",79.187,82.83,84.006,84.787,87.521,89.179,91.357,91.859,93.001,92.946,88.357,89.72,91.385,92.406,92.987,94.253,95.182,97.02,98.173,99.232,100,101.055,102.819,105.279,107.62,111.131
"522A00/US",71.075,72.492,73.887,76.384,78.982,80.058,80.946,82.311,82.898,83.623,84.785,85.976,83.378,85.204,86.586,90.9,93.657,94.751,95.766,98.082,100,107.565,108.45,108.058,104.724,110.132
"52A000/US",54.519,53.798,51.239,54.003,56.573,57.53,63.193,64.649,67.219,72.132,74.883,72.203,58.011,65.139,65.232,67.04,71.191,77.166,81.577,90.683,100,107.744,111.533,109.811,118.435,135.488
"523900/US",41.34,43.399,44.334,45.549,46.375,47.71,48.852,53.106,56.761,60.343,65.365,63.561,58.016,63.776,68.153,71.723,80.259,89.106,92.648,93.755,100,105.202,107.623,112.033,129.297,121.22
"523A00/US",104.604,98.867,90.209,80.857,77.659,77.333,78.978,81.236,83.087,84.041,87.347,89.497,84.679,88.297,92.51,93.603,96.036,99.599,98.314,99.25,100,105.277,105.249,105.349,107.839,107.25
"524113/US",86.619,87.362,87.682,86.385,87.445,89.253,91.114,92.372,93.051,93.454,93.579,93.443,94.292,95.251,96.879,98.004,97.973,98.812,99.047,100.274,100,100.164,100.589,101.504,101.777,103.902
"5241XX/US",70.083,71.138,71.754,72.819,74.412,76.272,79.725,82.287,84.136,85.342,85.761,85.85,87.893,89.901,91.711,93.232,94.819,97.148,98.891,100.239,100,104.506,104.493,110.204,108.32,112.451
"524200/US",77.737,79.065,80.589,82.727,85.347,88.833,90.974,93.032,93.936,94.305,95.09,94.695,94.834,95.011,95.111,95.557,96.368,97.166,98.092,98.782,100,101.162,101.947,102.655,103.059,103.383
"525000/US",56.652,58.157,59.012,61.558,61.505,63.076,67.461,69.475,72.107,74.582,76.876,77.517,72.557,77.138,78.531,84.021,86.335,89.244,92.787,98.362,100,105.504,108.242,113.15,125.248,136.036
"531HSO/US",59.482,61.394,63.076,65.048,67.527,70.236,71.931,73.698,75.496,78.132,80.774,82.782,84.115,84.109,85.149,86.873,88.753,91.092,93.756,96.772,100,103.32,106.74,109.674,112.554,118.972
"531HST/US",54.095,55.749,57.512,59.688,62.308,64.594,66.651,68.803,71.179,73.966,76.904,79.146,80.675,80.817,82.188,84.328,86.772,89.607,92.797,96.297,100,103.674,107.469,110.829,113.646,120.863
"531ORE/US",75.027,76.056,78.122,80.308,81.821,83.492,84.516,86.372,88.704,90.84,90.348,91.405,89.778,89.166,89.648,90.301,91.662,93.709,96.024,97.831,100,101.902,104.37,106.192,109.343,114.408
"532100/US",82.662,83.764,82.275,85.06,85.743,88.222,90.853,91.702,92.35,96.049,97.605,103.131,111.526,110.669,109.609,107.801,108.383,110.181,105.171,100.043,100,102.705,102.733,100.312,116.276,125.337
"532400/US",73.312,72.307,72.847,73.495,73.817,74.393,75.53,79.938,82.191,84.117,86.425,87.399,88.456,89.016,90.452,92.847,95.489,95.904,97.323,97.901,100,101.656,102.408,103.272,105.905,113.692
"532A00/US",98.27,96.708,96.752,97.057,97.167,96.503,93.626,93.476,95.192,97.235,99.262,101.616,102.226,102.182,103.981,107.289,105.832,104.07,102.072,100.603,100,101.935,103.629,105.604,111.232,119.622
"533000/US",65.816,61.839,65.682,71.592,71.364,72.432,75.152,78.306,81.665,84.384,86.71,89.517,88.861,90.654,93.098,94.81,96.061,97.363,97.314,98.273,100,102.048,103.514,104.637,109.006,116.042
"541100/US",47.789,49.707,50.951,52.719,55.106,57.458,60.413,64.366,69.16,71.819,74.868,77.178,77.329,80.008,82.946,85.497,88.499,91.628,94.601,96.658,100,102.677,106.37,111.364,116.059,121.783
"541511/US",109.653,108.436,110.35,113.14,113.445,111.274,108.921,107.063,106.855,107.646,107.894,109.106,108.084,106.117,106.519,105.998,104.785,103.866,102.638,101.52,100,97.904,96.58,94.785,93.069,93.265
"541512/US",113.176,111.7,113.125,115.475,114.919,112.252,109.253,107.064,106.45,107.22,107.359,108.693,107.881,105.995,106.527,106.186,105.053,104.133,102.838,101.655,100,97.792,96.293,94.318,92.422,92.467
"54151A/US",139.96,136.248,136.451,138.509,138.174,135.599,130.779,126.09,123.938,124,122.498,122.184,119.411,114.502,113.231,110.427,108.1,106.03,103.638,101.81,100,97.376,96.261,94.869,92.993,91.406
"541200/US",67.77,69.316,72.607,75.152,76.977,78.449,81.827,83.154,84.503,86.668,90.171,92.031,92.657,93.192,92.233,92.545,93.975,95.242,97.099,98.207,100,102.344,105.878,107.052,108.741,111.499
"541300/US",62.977,64.707,66.823,68.758,71.24,74.412,76.22,77.801,79.106,82.038,85.558,87.14,88.247,88.646,89.93,91.324,92.765,93.612,95.995,97.835,100,102.209,104.357,104.755,106.462,111.7
"541610/US",61.409,64.815,67.877,72.443,71.518,72.466,74.115,81.933,85.419,90.374,92.499,95.096,96.412,97.401,98.298,99.102,99.993,98.893,100.086,99.913,100,98.884,96.855,94.386,94.193,94.771
"5416A0/US",60.683,64.098,67.118,71.709,70.767,71.727,73.394,81.396,84.938,90.012,92.157,94.761,96.164,97.239,98.206,99.102,100.036,98.755,99.963,99.948,100,99.938,98.118,95.746,96.077,97.054
"541700/US",69.62,70.713,72.427,75.147,74.952,74.435,75.692,77.518,79.61,81.447,83.927,86.414,85.617,87.709,90.423,92.687,93.842,96.045,98.471,97.027,100,103.589,105.595,110.522,113.815,118.114
"541800/US",76.528,77.719,80.525,81.709,82.171,79.77,80.872,81.674,86.589,92.389,94.154,94.685,94.308,94.227,95.298,96.531,97.664,98.506,99.094,99.596,100,100.123,101.052,99.917,99.075,103.978
"541400/US",71.59,74.28,78.38,80.987,82.307,83.394,83.99,83.842,85.954,89.292,91.921,92.965,92.753,92.299,92.16,92.504,93.442,94.504,96.041,97.994,100,100.062,99.479,99.601,100.256,102.525
"541920/US",78.833,79.518,79.978,80.938,82.498,84.865,86.292,86.272,86.332,87.023,88.036,89.96,92.463,93.914,96.662,98.806,99.422,101.066,101.187,102.187,100,98.054,95.685,96.35,96.921,102
"541940/US",45.275,46.492,48.15,51.358,54.3,56.035,58.602,61.591,64.741,67.364,71.13,75.614,79.33,81.704,85.443,87.918,89.903,92.358,95.187,98.195,100,102.396,106.068,109.366,112.949,122.745
"5419A0/US",51.637,54.213,56.804,59.868,61.751,64.065,66.508,70.502,73.266,76.551,79.242,82.171,84.091,86.295,88.357,90.083,92.112,93.457,95.338,97.545,100,102.929,103.506,104.084,104.822,110.122
"550000/US",58.519,61.798,64.7,69.125,68.209,69.115,70.709,78.393,81.791,86.636,92.994,94.722,96.069,97.114,98.054,98.896,99.793,98.779,99.971,99.944,100,99.911,99.181,98.311,98.436,99.42
"561300/US",75.389,76.494,78.265,80.058,81.123,81.521,82.251,83.585,85.152,87.048,88.598,89.758,89.933,90.062,90.541,91.171,92.719,94.464,95.957,98.66,100,100.274,102.259,104.097,107.912,112.916
"561700/US",64.415,65.783,67.487,69.672,72.631,74.609,75.274,76.675,78.226,80.649,82.881,85.472,86.71,86.809,88.043,89.691,91.172,93.299,95.593,97.866,100,102.181,104.588,106.682,109.702,116.691
"561100/US",62.044,65.552,68.673,73.358,72.455,73.487,74.091,82.011,85.481,90.457,92.131,94.602,95.834,95.895,96.675,97.335,98.213,97.848,98.946,99.05,100,100.832,100.318,99.342,101.177,102.895
"561200/US",68.666,70.97,73.58,77.251,80.552,83.767,83.095,85.242,85.753,87.322,88.671,90.782,91.757,91.229,92.141,92.864,93.582,95.273,97.056,98.735,100,100.989,103.026,105.007,107.918,115.45
"561400/US",70.273,72.305,73.732,75.814,75.59,75.869,76.076,80.107,82.284,85.675,87.725,90.197,91.247,91.771,92.98,94.212,95.448,96.029,97.783,99.078,100,101.621,101.874,101.805,103.396,106.505
"561500/US",82.687,83.04,84.56,90.363,92.699,89.559,89.168,88.075,88.463,91.639,93.53,93.807,94.479,94.751,95.616,96.565,97.671,98.052,99.267,99.526,100,100.752,102.995,97.68,98.679,103.348
"561600/US",58.351,62.358,65.916,70.802,73.903,79.427,79.584,82.918,83.253,85.046,86.391,88.227,89.582,89.087,89.718,90.598,91.244,93.036,95.17,97.567,100,102.31,106.04,109.959,114.437,122.762
"561900/US",60.231,62.099,63.911,67.102,69.476,70.761,72.27,74.075,77.288,81.13,83.404,86.922,88.191,88.251,89.254,90.903,92.149,93.76,96.073,98.031,100,103.359,106.226,108.278,111.648,117.091
"562000/US",59.799,59.748,61.52,64.698,67.199,68.982,71.141,72.938,74.242,76.365,79.068,82.754,84.47,86.73,89.096,90.557,92.113,94.295,94.922,97.339,100,104.402,107.489,111.161,115.935,123.928
"611100/US",59.251,61.208,63.184,65.853,68.063,70.071,72.08,73.957,76.517,79.154,81.673,84.729,86.475,87.545,89.291,90.643,91.877,94.196,96.105,97.497,100,102.382,105.162,108.249,113.797,118.414
"611A00/US",58.53,60.227,61.66,63.891,65.562,66.622,69.031,71.3,74.112,76.809,79.475,82.345,83.678,85.352,87.413,89.716,91.949,94.256,95.896,97.772,100,102.406,104.863,107.295,111.195,115.285
"611B00/US",44.361,45.98,49.073,51.741,54.378,56.716,59.978,63.822,68.201,71.72,74.455,77.511,80.304,82.794,86.329,89.491,91.895,93.773,95.441,97.158,100,102.152,103.797,106.11,108.387,110.36
"621100/US",75.905,77.522,79.232,80.614,82.907,82.847,83.992,85.669,87.231,88.037,91.617,92.605,94.832,97.13,98.604,99.768,99.926,100.509,99.354,99.56,100,100.797,101.663,102.822,106.672,107.227
"621200/US",48.095,50.124,52.447,54.825,57.044,59.577,62.001,65.037,68.648,72.213,75.918,79.811,82.18,84.433,86.387,88.369,91.395,93.348,95.71,98.41,100,102.722,104.98,108.082,110.549,115.003
"621300/US",66.023,67.492,68.765,70.264,72.596,74.442,76.522,78.295,80.296,82.543,84.63,87.696,89.41,91.095,92.421,93.322,94.862,96.536,97.09,98.188,100,100.078,100.603,101.488,104.373,108.367
"621400/US",64.718,66.189,67.616,68.955,71.05,72.395,74.554,76.449,79.066,81.31,83.682,86.164,87.948,89.746,91.507,93.095,94.41,95.523,96.541,97.962,100,101.217,102.364,104.275,108.273,112.969
"621500/US",87.622,87.229,86.342,87.524,90.35,91.211,93.317,94.575,98.439,98.773,101.181,101.442,102.455,102.303,102.462,102.375,100.687,100.342,100.238,100.023,100,98.753,97.769,97.549,97.565,97.298
"621600/US",72.078,74.013,74.647,77.417,79.489,81.427,82.4,84.447,86.272,87.747,89.823,91.726,92.984,94.027,94.421,95.167,95.209,96.176,97.342,98.978,100,101.999,105.135,108.723,111.51,114.734
"621900/US",64.529,66.013,67.411,68.774,70.887,72.801,74.741,76.656,78.909,81.329,83.567,86.48,88.094,89.694,91.141,92.334,93.894,95.151,96.236,97.556,100,100.674,101.631,102.996,105.804,110.429
"622000/US",59.63,61.232,62.776,64.872,67.642,70.078,72.606,75.223,77.862,80.624,83.06,85.407,87.186,88.915,90.545,92.288,93.909,95.224,96.698,98.319,100,101.973,104.172,106.204,109.947,115.183
"623A00/US",55.294,57.428,59.375,62.257,65.648,68.067,70.327,72.919,75.619,77.897,81.147,84.059,86.369,88.042,89.919,91.306,92.117,93.196,95.101,97.479,100,103.029,106.373,110.104,112.939,117.18
"623B00/US",59.592,61.491,63.176,65.72,68.301,70.503,72.68,74.708,77.295,79.687,82.189,84.674,86.097,87.258,88.84,89.941,91.166,92.754,94.873,97.321,100,103.207,106.472,110.23,114.88,121.322
"624100/US",65.375,67.048,68.578,71.453,72.899,74.646,75.958,77.113,79.425,81.861,83.94,86.026,86.7,87.616,89.404,90.858,92.304,93.729,95.287,97.54,100,102.627,104.889,108.75,114.213,120.768
"624400/US",48.38,50.711,53.282,56.178,58.784,61.268,63.133,65.998,68.873,72.171,75.291,77.98,79.802,82.608,85.148,87.349,89.654,91.518,94.684,97.363,100,101.94,105.142,108.581,111.928,117.802
"624A00/US",61.296,62.874,64.339,67.039,68.728,70.955,72.091,74.259,76.698,79.369,81.986,83.695,84.345,85.555,87.573,89.611,91.867,93.718,95.474,97.41,100,102.225,104.424,108.065,113.223,119.407
"711100/US",59.187,60.607,64.509,68.284,69.786,70.786,73.754,75.781,78.104,81.258,83.859,86.096,86.978,87.746,88.971,90.111,92.029,93.608,94.935,98.009,100,101.915,103.058,105.59,108.19,113.88
"711200/US",51.514,52.482,55.218,57.881,61.069,62.946,64.025,67.144,71.035,74.154,77.241,80.525,81.966,83.411,83.747,86.187,89.01,90.915,95.803,98.445,100,101.463,103.394,107.605,103.927,101.176
"711500/US",56.28,57.882,61.552,65.126,67.146,69.009,72.254,75.019,77.871,80.605,84.167,86.25,87.295,88.468,89.171,90.783,90.307,91.954,94.466,97.863,100,101.684,103.245,105.123,107.392,111.704
"711A00/US",53.461,54.946,58.394,61.338,63.879,64.974,66.723,69.314,73.072,76.01,79.252,82.54,84.082,85.265,85.838,87.836,89.028,91.057,95.048,98,100,101.679,103.23,105.957,105.349,105.574
"712000/US",64.254,66.284,68.016,70.779,71.798,73.013,74.595,76.015,78.691,81.084,83.35,86.037,87.382,87.77,89.283,90.585,92.339,93.898,95.85,97.59,100,100.688,102.444,105.618,108.531,114.886
"713100/US",49.737,50.25,51.914,53.951,55.493,56.688,57.922,58.98,60.394,62.109,63.648,66.772,68.732,70.769,73.689,79.228,84.609,88.433,92.304,96.383,100,102.522,107.361,111.718,112.93,120.984
"713200/US",65.411,66.234,67.567,69.583,71.415,72.611,74.284,76.147,78.952,81.507,84.078,87.126,86.934,88.446,91.053,93.27,94.531,96.038,96.36,97.62,100,102.799,104.945,107.493,112.38,121.571
"713900/US",67.095,69.448,71.448,73.277,75.126,76.612,78.868,80.715,83.092,86.027,88.316,90.192,90.254,90.204,91.76,93.708,94.359,95.699,98.195,99.454,100,103.338,106.589,111.505,115.621,120.019
"721000/US",60.445,62.518,64.803,66.663,69.319,69.843,70.779,72.468,76.363,79.222,82.944,85.9,84.916,85.238,87.038,89.563,91.315,93.889,95.796,97.88,100,103.797,106.369,99.356,105.955,119.767
"722110/US",57.351,58.581,60.041,61.599,63.821,65.665,67.133,69.186,71.456,73.871,76.618,80.15,82.868,84.227,85.75,88.27,90.403,92.487,95.285,97.662,100,102.584,105.224,109.158,113.921,122.122
"722211/US",57.18,58.182,59.417,61.014,63.022,64.718,66.069,68.303,70.735,73.026,75.8,79.566,82.773,83.761,85.03,87.729,89.575,91.806,94.927,97.503,100,102.815,105.831,110.509,117.357,125.589
"722A00/US",57.131,59.33,61.244,62.796,64.683,65.715,67.173,69.143,71.329,73.743,76.487,80.098,82.876,84.476,86.56,89.271,91.223,93.148,95.604,97.83,100,102.531,104.943,108.625,113.162,121.054
"811100/US",59.495,60.748,62.444,64.341,66.283,68.91,70.63,72.031,74.391,77.385,79.779,83.8,87.635,89.15,91.024,92.774,94.207,95.506,96.899,98.376,100,102.086,105.179,108.599,113.64,123.332
"811200/US",57.81,59.18,60.857,62.801,65.09,67.457,69.31,71.09,73.589,76.543,78.693,82.184,85.011,86.469,88.286,90.193,91.967,93.773,95.72,97.635,100,102.356,105.884,109.051,113.83,122.412
"811300/US",59.304,60.608,62.189,63.973,65.983,68.2,70.634,72.913,76.009,79.961,83.159,84.936,85.749,87.077,90.874,91.942,93.722,96.081,97.057,98.223,100,101.866,105.553,110.156,115.647,132.855
"811400/US",41.937,42.868,44.99,46.755,49.871,52.199,54.762,58.371,61.975,65.372,68.223,71.843,74.207,76.45,79.189,83.282,86.456,88.777,91.966,94.598,100,106.176,112.682,113.383,119.414,129.759
"812100/US",61.542,62.752,64.702,67.167,69.616,71.175,72.882,74.652,77.11,79.453,82.038,85.119,87.12,88.29,89.381,91.049,92.985,94.347,96.243,98.37,100,102.356,105.447,109.942,114.892,122.34
"812200/US",53.508,55.433,57.282,58.853,60.865,63.733,66.28,69.174,71.592,75.315,79.046,82.913,86.216,88.013,89.798,91.227,93.739,95.202,96.869,98.344,100,101.618,103.468,105.15,107.102,111.172
"812300/US",60.073,61.055,62.535,63.768,66.057,68.077,69.053,70.888,72.481,74.623,76.899,80.404,82.818,84.797,86.269,87.982,89.76,91.576,93.755,96.987,100,103.103,107,110.124,114.807,124.988
"812900/US",53.573,54.668,55.854,57.833,60.229,61.595,62.933,65.137,68.149,70.78,73.299,78.145,82.299,84.718,87.485,90.79,93.619,95.354,97.049,98.76,100,101.253,105.5,109.212,111.705,121.715
"813100/US",59.622,61.207,62.969,66.748,69.064,70.617,71.409,74.251,76.673,79.25,81.955,82.908,82.923,84.998,87.096,89.561,91.707,93.574,95.624,97.874,100,102.356,105.054,107.887,113.071,119.694
"813A00/US",57.682,59.64,61.769,64.4,67.101,69.136,70.222,72.972,75.757,78.687,81.645,83.028,83.377,85.337,87.761,89.812,92.01,93.714,95.67,97.867,100,103.256,105.597,107.945,112.113,117.065
"813B00/US",61.172,62.911,64.506,66.637,69.212,70.587,72.081,74.675,77.172,80.033,82.367,83.652,84.53,86.371,88.863,90.472,92.229,94.028,96.14,98.098,100,101.987,104.576,108.59,112.274,117.597
"814000/US",61.757,63.389,65.186,67.857,70.379,72.935,74.747,76.482,78.96,81.735,84.782,87.998,88.989,89.384,90.387,91.756,93.351,95.547,96.831,97.829,100,102.725,105.108,108.189,116.967,125.541
"S00500/US",60.47,61.399,63.05,65.499,67.164,70.064,74.171,77.105,81.093,84.326,87.197,90.313,89.536,91.709,94.52,95.551,96.044,97.505,97.716,98.243,100,102.949,104.799,106.012,109.985,117.309
"S00600/US",59.686,60.616,62.523,64.93,66.382,69.223,72.247,75.147,78.117,80.502,83.11,85.399,86.164,88.832,91.239,91.856,93.421,95.536,96.443,97.676,100,103.385,105.607,106.514,109.91,115.862
"491000/US",62.409,62.411,64.212,64.213,67.617,70.705,72.845,72.847,72.849,77.547,81.237,84.676,87.688,89.084,90.318,92.639,94.912,100.376,101.964,99.67,100,101.552,104.441,106.369,110.65,119.498
"S00101/US",77.051,75.826,74.782,76.71,82.024,80.941,83.559,85.4,98.79,103.835,107.011,117.913,106.859,111.387,113.598,100.739,107.832,120.297,106.09,96.626,100,110.855,115.02,105.576,146.591,158.889
"S00102/US",72.75,73.971,75.515,77.405,79.275,77.446,77.581,79.281,78.859,78.88,77.898,76.893,87.462,97.481,101.148,100.426,99.168,99.798,101.074,100.624,100,100.441,102.802,103.506,106.954,117.704
"GSLGE/US",44.776,46.552,48.889,51.593,54.05,56.487,59.735,63.359,66.844,70.17,73.613,77.702,79.394,82.645,85.722,88.208,91.641,94.567,95.919,97.277,100,103.895,106.126,109.263,113.378,118.799
"GSLGH/US",71.299,71.809,73.223,75.348,77.766,79.069,81.306,83.613,85.666,88.044,90.198,92.667,92.075,94.004,95.431,96.429,98.281,99.146,98.658,98.538,100,102.309,103.362,106.327,111.76,118.638
"GSLGO/US",63.404,63.628,65.688,68.591,70.224,70.709,72.287,74.991,78.781,82.494,86.88,91.209,88.591,91.224,94.121,95.844,98.934,100.5,98.807,97.641,100,104.31,104.993,108.458,117.406,128.034
"S00201/US",56.179,55.56,54.872,55.655,57.302,58.587,62.796,66.475,69.556,71.904,73.385,76.338,79.887,83.069,86.981,89.646,93.494,94.656,96.704,98.299,100,101.776,102.895,101.386,103.36,107.029
"S00202/US",62.103,61.106,60.199,61.74,66.092,65.276,67.452,68.993,72.072,77.44,79.992,83.997,85.954,87.889,90.121,91.058,92.253,95.617,97.181,96.077,100,101.283,101.166,100.308,107.115,123.834
"S00203/US",53.403,54.335,55.676,58.181,60.325,60.941,63.163,66.301,70.36,73.697,76.519,80.378,80.696,83.449,86.543,89.172,91.351,93.573,95.226,97.106,100,103.029,105.524,107.218,113.74,120.685
